"evt","perceived_at","game_id","season","day","drainer_id","drainer_name","drained_id","drained_name"
"The Blooddrain gurgled! Annie Roland siphoned some of Brock Forbes's hitting ability!","2020-09-07 16:10:55.548","83ebf7c5-1902-41f5-b2e4-4d832196f055",5,0,"4f7d7490-7281-4f8f-b62e-37e99a7c46a0","Annie Roland","97dfc1f6-ac94-4cdc-b0d5-1cb9f8984aa5","Brock Forbes"
"The Blooddrain gurgled! Dickerson Morse siphoned some of Ortiz Morse's baserunning ability!","2020-09-08 05:02:45.576","78354c96-79fe-44ec-b27b-3df4e29c1b36",5,13,"b39b5aae-8571-4c90-887a-6a00f2a2f6fd","Dickerson Morse","d8742d68-8fce-4d52-9a49-f4e33bd2a6fc","Ortiz Morse"
"The Blooddrain gurgled! Montgomery Bullock siphoned some of Alaynabella Hollywood's pitching ability!","2020-09-08 14:19:16.496","5b36c45e-414a-49b3-822a-f56a9480cecc",5,22,"1ffb1153-909d-44c7-9df1-6ed3a9a45bbd","Montgomery Bullock","f2468055-e880-40bf-8ac6-a0763d846eb2","Alaynabella Hollywood"
"The Blooddrain gurgled! Baby Doyle siphoned some of Fynn Doyle's baserunning ability!","2020-09-08 14:25:37.036","5eda585e-7f88-48c2-8d25-e0eacb1ceb3f",5,22,"678170e4-0688-436d-a02d-c0467f9af8c0","Baby Doyle","378c07b0-5645-44b5-869f-497d144c7b35","Fynn Doyle"
"The Blooddrain gurgled! Lang Richardson siphoned some of Yeong-Ho Garcia's hitting ability!","2020-09-08 17:08:50.882","6860d99c-557d-4138-aa00-2ad23c2b7289",5,25,"da0bbbe6-d13c-40cc-9594-8c476975d93d","Lang Richardson","9397ed91-608e-4b13-98ea-e94c795f651e","Yeong-Ho Garcia"
"The Blooddrain gurgled! Sigmund Castillo siphoned some of Nagomi Mcdaniel's baserunning ability!","2020-09-08 20:03:56.787","d4c1cf2d-c960-482f-acdc-6331b70dd9ea",5,28,"126fb128-7c53-45b5-ac2b-5dbf9943d71b","Sigmund Castillo","c0732e36-3731-4f1a-abdc-daa9563b6506","Nagomi Mcdaniel"
"The Blooddrain gurgled! Don Mitchell siphoned some of Jacob Haynes's defensive ability!","2020-09-09 00:30:49.786","25de0442-6752-4608-82fd-9dc8dc8be32e",5,32,"11de4da3-8208-43ff-a1ff-0b3480a0fbf1","Don Mitchell","51c5473a-7545-4a9a-920d-d9b718d0e8d1","Jacob Haynes"
"The Blooddrain gurgled! Alyssa Harrell siphoned some of Kennedy Cena's defensive ability!","2020-09-09 07:20:02.438","d785c6de-f462-40f0-8e7d-c9faabb40a6d",5,39,"80de2b05-e0d4-4d33-9297-9951b2b5c950","Alyssa Harrell","66cebbbf-9933-4329-924a-72bd3718f321","Kennedy Cena"
"The Blooddrain gurgled! Beasley Gloom siphoned some of Lawrence Horne's pitching ability!","2020-09-09 10:06:29.739","99c302a0-7d59-4734-9821-306208f3cf00",5,42,"36786f44-9066-4028-98d9-4fa84465ab9e","Beasley Gloom","2b9f9c25-43ec-4f0b-9937-a5aa23be0d9e","Lawrence Horne"
"The Blooddrain gurgled! Rafael Davids siphoned some of Eduardo Woodman's pitching ability!","2020-09-09 20:23:34.202","6d919cb4-5fdb-4c63-851c-fc53ecd7140c",5,52,"7007cbd3-7c7b-44fd-9d6b-393e82b1c06e","Rafael Davids","32810dca-825c-4dbc-8b65-0702794c424e","Eduardo Woodman"
"The Blooddrain gurgled! Cory Ross siphoned some of Elijah Valenzuela's defensive ability!","2020-09-10 04:22:56.993","feb28560-a1be-4341-9e6b-ee2eea4a290b",5,60,"17397256-c28c-4cad-85f2-a21768c66e67","Cory Ross","2f3d7bc7-6ffb-40c3-a94f-5e626be413c9","Elijah Valenzuela"
"The Blooddrain gurgled! Summers Pony siphoned some of Karato Bean's baserunning ability!","2020-09-10 05:19:58.308","60a9476c-448a-406e-8c30-2216736e148b",5,61,"81a0889a-4606-4f49-b419-866b57331383","Summers Pony","7158d158-e7bf-4e9b-9259-62e5b25e3de8","Karato Bean"
"The Blooddrain gurgled! Agan Harrison siphoned some of Mullen Peterson's pitching ability!","2020-09-10 07:08:32.154","dedc84ec-0482-4d6c-8b89-fd18a60e50b3",5,63,"f4a5d734-0ade-4410-abb6-c0cd5a7a1c26","Agan Harrison","16aff709-e855-47c8-8818-b9ba66e90fe8","Mullen Peterson"
"The Blooddrain gurgled! Eizabeth Elliott siphoned some of Evelton McBlase's baserunning ability!","2020-09-11 09:15:46.757","a69b78ef-2000-41cb-9b1f-297980e10076",5,89,"aa6c2662-75f8-4506-aa06-9a0993313216","Eizabeth Elliott","a5f8ce83-02b2-498c-9e48-533a1d81aebf","Evelton McBlase"
"The Blooddrain gurgled! Hiroto Cerna siphoned some of Dudley Mueller's defensive ability!","2020-09-11 10:09:26.181","5953bb54-5fae-4fdc-9383-013c76e50078",5,90,"d51f1fe8-4ab8-411e-b836-5bba92984d32","Hiroto Cerna","2b5f5dd7-e31f-4829-bec5-546652103bc0","Dudley Mueller"
"The Blooddrain gurgled! Marquez Clark siphoned some of Valentine Games's defensive ability!","2020-09-15 06:06:44.291","9951a9ce-1e36-46f9-8483-207e6cccbefa",6,14,"53e701c7-e3c8-4e18-ba05-9b41b4b64cda","Marquez Clark","c675fcdf-6117-49a6-ac32-99a89a3a88aa","Valentine Games"
"The Blooddrain gurgled! Annie Roland siphoned some of Nagomi Meng's hitting ability!","2020-09-15 06:19:08.666","ee898329-43a7-481c-8e44-6fbf43efb098",6,14,"4f7d7490-7281-4f8f-b62e-37e99a7c46a0","Annie Roland","9abe02fb-2b5a-432f-b0af-176be6bd62cf","Nagomi Meng"
"The Blooddrain gurgled! José Haley siphoned some of Greer Lott's hitting ability!","2020-09-15 07:26:05.425","49c90e18-d57f-4654-b58e-4e3d93e1f035",6,15,"bd8d58b6-f37f-48e6-9919-8e14ec91f92a","José Haley","e6502bc7-5b76-4939-9fb8-132057390b30","Greer Lott"
"The Blooddrain gurgled! Elijah Valenzuela siphoned some of Boyfriend Monreal's baserunning ability!","2020-09-15 11:24:29.419","9e60a305-948e-4df5-9d84-c7cd557c14e2",6,19,"2f3d7bc7-6ffb-40c3-a94f-5e626be413c9","Elijah Valenzuela","493a83de-6bcf-41a1-97dd-cc5e150548a3","Boyfriend Monreal"
"The Blooddrain gurgled! NaN siphoned some of Helga Moreno's hitting ability!","2020-09-15 14:13:30.821","1a59bc76-c5f9-4381-a8ba-63f5687f21f2",6,22,"1f159bab-923a-4811-b6fa-02bfde50925a","NaN","0eea4a48-c84b-4538-97e7-3303671934d2","Helga Moreno"
"The Blooddrain gurgled! Declan Suzanne siphoned some of Gloria Bugsnax's defensive ability!","2020-09-15 16:17:57.133","58d18a7e-3ee0-463f-8837-6c711b64f18f",6,24,"bfd9ff52-9bf6-4aaf-a859-d308d8f29616","Declan Suzanne","8cd06abf-be10-4a35-a3ab-1a408a329147","Gloria Bugsnax"
"The Blooddrain gurgled! Basilio Fig siphoned some of Lachlan Shelton's baserunning ability!","2020-09-15 20:05:20.648","b3d2cbb2-873c-4210-bf79-56f2b1a15a69",6,28,"c755efce-d04d-4e00-b5c1-d801070d3808","Basilio Fig","9f85676a-7411-444a-8ae2-c7f8f73c285c","Lachlan Shelton"
"The Blooddrain gurgled! Wyatt Pothos siphoned some of Velasquez Alstott's pitching ability!","2020-09-15 20:15:16.72","b3d2cbb2-873c-4210-bf79-56f2b1a15a69",6,28,"ea44bd36-65b4-4f3b-ac71-78d87a540b48","Wyatt Pothos","4ca52626-58cd-449d-88bb-f6d631588640","Velasquez Alstott"
"The Blooddrain gurgled! Dominic Marijuana siphoned some of Dunn Keyes's hitting ability!","2020-09-15 21:13:31.834","bf61dc72-8857-4815-af72-54e59f53aa5f",6,29,"7310c32f-8f32-40f2-b086-54555a2c0e86","Dominic Marijuana","ff5a37d9-a6dd-49aa-b6fb-b935fd670820","Dunn Keyes"
"The Blooddrain gurgled! Kennedy Meh siphoned some of Lawrence Horne's defensive ability!","2020-09-16 02:15:49.166","a7f95fbf-90fe-4497-9862-d43f82a4cd11",6,33,"23110c0f-2cf9-4d9c-ab2d-634f2f18867e","Kennedy Meh","2b9f9c25-43ec-4f0b-9937-a5aa23be0d9e","Lawrence Horne"
"The Blooddrain gurgled! Alaynabella Hollywood siphoned some of Rivers Clembons's baserunning ability!","2020-09-16 04:29:18.054","1fea1077-19d9-4910-bf1f-13eb9228d3a1",6,35,"f2468055-e880-40bf-8ac6-a0763d846eb2","Alaynabella Hollywood","af6b3edc-ed52-4edc-b0c9-14e0a5ae0ee3","Rivers Clembons"
"The Blooddrain gurgled! Murray Pony siphoned some of Sigmund Castillo's hitting ability!","2020-09-16 05:19:12.276","a0d473d5-e0e3-4350-9dd8-651750a625f0",6,36,"2ca0c790-e1d5-4a14-ab3c-e9241c87fc23","Murray Pony","126fb128-7c53-45b5-ac2b-5dbf9943d71b","Sigmund Castillo"
"The Blooddrain gurgled! Curry Aliciakeyes siphoned some of Cornelius Games's pitching ability!","2020-09-16 06:19:52","4e70f005-cdfe-4006-bb62-9b9c6ecae317",6,37,"09f2787a-3352-41a6-8810-d80e97b253b5","Curry Aliciakeyes","03f920cc-411f-44ef-ae66-98a44e883291","Cornelius Games"
"The Blooddrain gurgled! Sutton Picklestein siphoned some of Miguel Wheeler's hitting ability!","2020-09-16 15:07:46.514","ccac0b91-292b-40dd-b224-37733474523f",6,46,"4e6ad1a1-7c71-49de-8bd5-c286712faf9e","Sutton Picklestein","cd68d3a6-7fbc-445d-90f1-970c955e32f4","Miguel Wheeler"
"The Blooddrain gurgled! Arturo Huerta siphoned some of Cory Ross's pitching ability!","2020-09-16 15:16:02.546","ad85763f-4737-44a4-aa9d-f9ef71297030",6,46,"6f9de777-e812-4c84-915c-ef283c9f0cde","Arturo Huerta","17397256-c28c-4cad-85f2-a21768c66e67","Cory Ross"
"The Blooddrain gurgled! Marquez Clark siphoned some of Workman Gloom's hitting ability!","2020-09-16 19:04:44.454","43752ed7-00b9-41cc-aaf5-108080540b8f",6,50,"53e701c7-e3c8-4e18-ba05-9b41b4b64cda","Marquez Clark","bd4c6837-eeaa-4675-ae48-061efa0fd11a","Workman Gloom"
"The Blooddrain gurgled! Valentine Games siphoned some of Yazmin Mason's hitting ability!","2020-09-17 00:18:10.173","185d8216-7efd-4738-8047-1543060127e0",6,55,"c675fcdf-6117-49a6-ac32-99a89a3a88aa","Valentine Games","afc90398-b891-4cdf-9dea-af8a3a79d793","Yazmin Mason"
"The Blooddrain gurgled! Lowe Forbes siphoned some of Basilio Mason's pitching ability!","2020-09-17 00:27:07.591","cbe9a846-9e75-4404-9d18-767833b75a92",6,55,"b348c037-eefc-4b81-8edd-dfa96188a97e","Lowe Forbes","27c68d7f-5e40-4afa-8b6f-9df47b79e7dd","Basilio Mason"
"The Blooddrain gurgled! Beans McBlase siphoned some of Nolanestophia Patterson's defensive ability!","2020-09-17 05:20:30.875","5b64b6eb-62fb-4b2c-8344-7f39d7ae4b38",6,60,"dddb6485-0527-4523-9bec-324a5b66bf37","Beans McBlase","7e9a514a-7850-4ed0-93ab-f3a6e2f41c03","Nolanestophia Patterson"
"The Blooddrain gurgled! Theodore Duende siphoned some of PolkaDot Zavala's hitting ability!","2020-09-17 06:20:14.387","5b62f901-c99e-44d3-b6e9-cbc7d60bafb4",6,61,"f3ddfd87-73a2-4681-96fe-829476c97886","Theodore Duende","7663c3ca-40a1-4f13-a430-14637dce797a","PolkaDot Zavala"
"The Blooddrain gurgled! Malik Romayne siphoned some of Nic Winkler's baserunning ability!","2020-09-17 07:20:50.933","08806c40-76fb-4cdf-952e-15c22659a689",6,62,"f56657d3-3bdc-4840-a20c-91aca9cc360e","Malik Romayne","855775c1-266f-40f6-b07b-3a67ccdf8551","Nic Winkler"
"The Blooddrain gurgled! Axel Trololol siphoned some of Caleb Alvarado's pitching ability!","2020-09-17 10:14:34.844","7d57c95f-916b-49f8-855a-c02ed0ed28b4",6,65,"3af96a6b-866c-4b03-bc14-090acf6ecee5","Axel Trololol","1513aab6-142c-48c6-b43e-fbda65fd64e8","Caleb Alvarado"
"The Blooddrain gurgled! Tillman Henderson siphoned some of Miguel James's baserunning ability!","2020-09-17 18:04:06.688","7d4b5c64-1e56-46d3-8a78-6159cebdab01",6,73,"f70dd57b-55c4-4a62-a5ea-7cc4bf9d8ac1","Tillman Henderson","333067fd-c2b4-4045-a9a4-e87a8d0332d0","Miguel James"
"The Blooddrain gurgled! Igneus Delacruz siphoned some of Mcdowell Mason's hitting ability!","2020-09-18 01:11:07.217","e7fbe523-2bed-4f95-9423-55eae77e6c46",6,80,"4f69e8c2-b2a1-4e98-996a-ccf35ac844c5","Igneus Delacruz","63df8701-1871-4987-87d7-b55d4f1df2e9","Mcdowell Mason"
"The Blooddrain gurgled! Montgomery Bullock siphoned some of Helga Moreno's pitching ability!","2020-09-18 02:13:21.265","eea87ba6-992b-474c-b39e-33b8149ed05c",6,81,"1ffb1153-909d-44c7-9df1-6ed3a9a45bbd","Montgomery Bullock","0eea4a48-c84b-4538-97e7-3303671934d2","Helga Moreno"
"The Blooddrain gurgled! Swamuel Mora siphoned some of Morrow Wilson's defensive ability!","2020-09-18 02:22:45.487","1f31dba9-c310-4841-9358-8764c90483b6",6,81,"c182f33c-aea5-48a2-97ed-dc74fa29b3c0","Swamuel Mora","06ced607-7f96-41e7-a8cd-b501d11d1a7e","Morrow Wilson"
"The Blooddrain gurgled! Usurper Violet siphoned some of Summers Pony's defensive ability!","2020-09-18 06:25:15.094","9929fb4b-922f-450e-8e0c-16cb6f871449",6,85,"f245f6c6-4613-40f5-bc3b-85aa9ee3cf7e","Usurper Violet","81a0889a-4606-4f49-b419-866b57331383","Summers Pony"
"The Blooddrain gurgled! Wesley Poole siphoned some of Cannonball Sports's pitching ability!","2020-09-18 16:23:51.458","f586a1c0-b4c8-4c7a-a109-bfc23b5bfb82",6,94,"e4e4c17d-8128-4704-9e04-f244d4573c4d","Wesley Poole","c0998a08-de15-4187-b903-2e096ffa08e5","Cannonball Sports"
"The Blooddrain gurgled! Steph Weeks siphoned some of Morrow Wilson's hitting ability!","2020-09-18 20:29:20.328","f0b4ee7d-d61a-49f0-bb3d-d63692f9db1b",6,98,"18f45a1b-76eb-4b59-a275-c64cf62afce0","Steph Weeks","06ced607-7f96-41e7-a8cd-b501d11d1a7e","Morrow Wilson"
"The Blooddrain gurgled! Justice Spoon siphoned some of Alexander Horne's hitting ability!","2020-09-21 18:09:14.371","b8963e3d-1b35-463f-8c97-93f427ed9dce",7,2,"43d5da5f-c6a1-42f1-ab7f-50ea956b6cd5","Justice Spoon","c9e4a49e-e35a-4034-a4c7-293896b40c58","Alexander Horne"
"The Blooddrain gurgled! Conrad Vaughan siphoned some of NaN's defensive ability!","2020-09-21 22:00:47.361","77f535b8-29f4-4637-9cd1-478989fecfb1",7,6,"5dbf11c0-994a-4482-bd1e-99379148ee45","Conrad Vaughan","1f159bab-923a-4811-b6fa-02bfde50925a","NaN"
"The Blooddrain gurgled! Pitching Machine siphoned some of Ortiz Lopez's pitching ability!","2020-09-22 03:16:21.962","1dbefa00-a4e0-4dea-aa48-2e583dcc80e3",7,11,"de21c97e-f575-43b7-8be7-ecc5d8c4eaff","Pitching Machine","2b157c5c-9a6a-45a6-858f-bf4cf4cbc0bd","Ortiz Lopez"
"The Blooddrain gurgled! Cell Barajas siphoned some of Sixpack Dogwalker's hitting ability!","2020-09-22 09:06:26.576","dfac3af3-2714-4638-b417-92bcae748b2b",7,17,"bd8778e5-02e8-4d1f-9c31-7b63942cc570","Cell Barajas","3a96d76a-c508-45a0-94a0-8f64cd6beeb4","Sixpack Dogwalker"
"The Blooddrain gurgled! Christian Combs siphoned some of Burke Gonzales's hitting ability!","2020-09-22 09:24:51.573","dfac3af3-2714-4638-b417-92bcae748b2b",7,17,"9ac2e7c5-5a34-4738-98d8-9f917bc6d119","Christian Combs","65273615-22d5-4df1-9a73-707b23e828d5","Burke Gonzales"
"The Blooddrain gurgled! Nerd Pacheco siphoned some of Kennedy Meh's hitting ability!","2020-09-22 10:06:52.809","3c09a24d-1749-4688-b217-fbd5b175d494",7,18,"190a0f31-d686-4ac4-a7f3-cfc87b72c145","Nerd Pacheco","23110c0f-2cf9-4d9c-ab2d-634f2f18867e","Kennedy Meh"
"The Blooddrain gurgled! Paula Turnip siphoned some of Jenkins Good's baserunning ability!","2020-09-22 13:19:44.493","12f2d3b8-be43-40ee-97cc-710980649fe1",7,21,"5bcfb3ff-5786-4c6c-964c-5c325fcc48d7","Paula Turnip","a691f2ba-9b69-41f8-892c-1acd42c336e4","Jenkins Good"
"The Blooddrain gurgled! Curry Aliciakeyes siphoned some of Fletcher Yamamoto's pitching ability!","2020-09-22 14:20:33.436","5f0202e4-20fc-4684-abf4-bc07d639bf99",7,22,"09f2787a-3352-41a6-8810-d80e97b253b5","Curry Aliciakeyes","1e8b09bd-fbdd-444e-bd7e-10326bd57156","Fletcher Yamamoto"
"The Blooddrain gurgled! Tamara Crankit siphoned some of Moses Mason's hitting ability!","2020-09-22 21:05:44.126292","dd437353-3088-4e0f-8906-c7abeec3b81d",7,29,"0f61d948-4f0c-4550-8410-ae1c7f9f5613","Tamara Crankit","75f9d874-5e69-438d-900d-a3fcb1d429b3","Moses Mason"
"The Blooddrain gurgled! Joshua Watson siphoned some of Stew Briggs's hitting ability!","2020-09-23 00:33:40.116122","7bf6db9b-aa27-4352-9f45-170eefda9426",7,32,"d6c69d2d-9344-4b19-85a4-6cfcbaead5d2","Joshua Watson","46721a07-7cd2-4839-982e-7046df6e8b66","Stew Briggs"
"The Blooddrain gurgled! Gallup Crueller siphoned some of Randy Castillo's defensive ability!","2020-09-23 04:16:54.107321","e129297b-3f09-4d0d-90da-a5ec7fd0ae00",7,36,"e7ecf646-e5e4-49ef-a0e3-10a78e87f5f4","Gallup Crueller","7932c7c7-babb-4245-b9f5-cdadb97c99fb","Randy Castillo"
"The Blooddrain gurgled! Beck Whitney siphoned some of Sexton Wheerer's baserunning ability!","2020-09-23 20:10:36.11157","8b8194bb-7342-4b30-8c81-b0b3bf23aed6",7,52,"7a75d626-d4fd-474f-a862-473138d8c376","Beck Whitney","0bb35615-63f2-4492-80ec-b6b322dc5450","Sexton Wheerer"
"The Blooddrain gurgled! Sandoval Crossing siphoned some of Nic Winkler's pitching ability!","2020-09-23 22:26:36.110216","d9e179c9-dcfe-4136-a1db-0a056f1bae00",7,54,"5703141c-25d9-46d0-b680-0cf9cfbf4777","Sandoval Crossing","855775c1-266f-40f6-b07b-3a67ccdf8551","Nic Winkler"
"The Blooddrain gurgled! Rafael Davids siphoned some of Lenny Spruce's pitching ability!","2020-09-24 00:06:40.113486","db211645-2a62-4893-83f3-109c2ad647cb",7,56,"7007cbd3-7c7b-44fd-9d6b-393e82b1c06e","Rafael Davids","c09e64b6-8248-407e-b3af-1931b880dbee","Lenny Spruce"
"The Blooddrain gurgled! PolkaDot Zavala siphoned some of Cell Barajas's pitching ability!","2020-09-24 00:14:44.106879","db211645-2a62-4893-83f3-109c2ad647cb",7,56,"7663c3ca-40a1-4f13-a430-14637dce797a","PolkaDot Zavala","bd8778e5-02e8-4d1f-9c31-7b63942cc570","Cell Barajas"
"The Blooddrain gurgled! Kennedy Meh siphoned some of Aldon Cashmoney's defensive ability!","2020-09-24 00:21:26.132129","cb4db2e8-4f0a-4513-953b-d8f46631ff62",7,56,"23110c0f-2cf9-4d9c-ab2d-634f2f18867e","Kennedy Meh","efafe75e-2f00-4418-914c-9b6675d39264","Aldon Cashmoney"
"The Blooddrain gurgled! Ron Monstera siphoned some of Winnie Hess's pitching ability!","2020-09-24 01:23:12.12089","079a1c2e-6807-456b-ba6b-a4addf92370f",7,57,"41949d4d-b151-4f46-8bf7-73119a48fac8","Ron Monstera","f2a27a7e-bf04-4d31-86f5-16bfa3addbe7","Winnie Hess"
"The Blooddrain gurgled! Leach Herman siphoned some of Beasley Day's pitching ability!","2020-09-24 03:06:55.107311","a97905c9-b4af-4d03-ada9-3cbcb422a013",7,59,"b7ca8f3f-2fdc-477b-84f4-157f2802e9b5","Leach Herman","26cfccf2-850e-43eb-b085-ff73ad0749b8","Beasley Day"
"The Blooddrain gurgled! Holden Stanton siphoned some of Adalberto Tosser's hitting ability!","2020-09-24 11:22:16.128694","41b5f1ad-9a40-4b75-8104-d9af6b99cc54",7,67,"817dee99-9ccf-4f41-84e3-dc9773237bc8","Holden Stanton","d0d7b8fe-bad8-481f-978e-cb659304ed49","Adalberto Tosser"
"The Blooddrain gurgled! Brock Forbes siphoned some of Hendricks Richardson's pitching ability!","2020-09-24 13:18:46.106185","71b6b23c-3b17-4d37-8eae-01dcecc2c42e",7,69,"97dfc1f6-ac94-4cdc-b0d5-1cb9f8984aa5","Brock Forbes","cf8e152e-2d27-4dcc-ba2b-68127de4e6a4","Hendricks Richardson"
"The Blooddrain gurgled! Pitching Machine siphoned some of Igneus Delacruz's pitching ability!","2020-09-24 17:20:06.118815","e4e9252e-6599-4fd7-a3c5-6fbcb8bd6cfa",7,73,"de21c97e-f575-43b7-8be7-ecc5d8c4eaff","Pitching Machine","4f69e8c2-b2a1-4e98-996a-ccf35ac844c5","Igneus Delacruz"
"The Blooddrain gurgled! Joshua Butt siphoned some of Jacob Haynes's defensive ability!","2020-09-24 17:36:20.115613","ef5f034f-03e9-4203-a53d-a31b256694cb",7,73,"69196296-f652-42ff-b2ca-0d9b50bd9b7b","Joshua Butt","51c5473a-7545-4a9a-920d-d9b718d0e8d1","Jacob Haynes"
"The Blooddrain gurgled! Thomas Dracaena siphoned some of Sexton Wheerer's hitting ability!","2020-09-24 21:17:05.118179","2e02d86f-3045-4676-9402-371fcada04f0",7,77,"4b3e8e9b-6de1-4840-8751-b1fb45dc5605","Thomas Dracaena","0bb35615-63f2-4492-80ec-b6b322dc5450","Sexton Wheerer"
"The Blooddrain gurgled! Helga Moreno siphoned some of Conrad Vaughan's defensive ability!","2020-09-24 22:00:24.028083","7bb08972-5dca-4ffe-8e63-8ab01353cb57",7,78,"0eea4a48-c84b-4538-97e7-3303671934d2","Helga Moreno","5dbf11c0-994a-4482-bd1e-99379148ee45","Conrad Vaughan"
"The Blooddrain gurgled! Justice Spoon siphoned some of Lowe Forbes's hitting ability!","2020-09-25 05:04:18.609773","d0714e45-7b1e-420b-825e-c8d696ac1fd2",7,85,"43d5da5f-c6a1-42f1-ab7f-50ea956b6cd5","Justice Spoon","b348c037-eefc-4b81-8edd-dfa96188a97e","Lowe Forbes"
"The Blooddrain gurgled! Fitzgerald Blackburn siphoned some of Pitching Machine's hitting ability!","2020-09-25 05:13:42.607707","aa0639ae-5641-43b4-936a-69e21747d99a",7,85,"8ecea7e0-b1fb-4b74-8c8c-3271cb54f659","Fitzgerald Blackburn","de21c97e-f575-43b7-8be7-ecc5d8c4eaff","Pitching Machine"
"The Blooddrain gurgled! Yeong-Ho Benitez siphoned some of Sixpack Dogwalker's baserunning ability!","2020-09-25 07:21:26.608094","d8f297d7-c0b5-49c4-95f0-d7889bd4c87b",7,87,"ecb8d2f5-4ff5-4890-9693-5654e00055f6","Yeong-Ho Benitez","3a96d76a-c508-45a0-94a0-8f64cd6beeb4","Sixpack Dogwalker"
"The Blooddrain gurgled! Sixpack Santiago siphoned some of Jacob Haynes's pitching ability!","2020-09-25 09:11:26.606989","5ee724f7-3d98-44c6-8636-a9086f5b8f67",7,89,"a38ada0a-aeac-4a3d-b9a5-968687ccd2f9","Sixpack Santiago","51c5473a-7545-4a9a-920d-d9b718d0e8d1","Jacob Haynes"
"The Blooddrain gurgled! Yong Wright siphoned some of Kennedy Loser's defensive ability!","2020-10-05 18:18:51.109603","b7815910-48ea-489f-950b-4de207965796",8,2,"ce0e57a7-89f5-41ea-80f9-6e649dd54089","Yong Wright","84a2b5f6-4955-4007-9299-3d35ae7135d3","Kennedy Loser"
"The Blooddrain gurgled! Baby Urlacher siphoned some of Tamara Crankit's defensive ability!","2020-10-05 22:10:01.503849","b379261e-f8ce-4067-89b4-40ee5e6fa50e",8,6,"ad8d15f4-e041-4a12-a10e-901e6285fdc5","Baby Urlacher","0f61d948-4f0c-4550-8410-ae1c7f9f5613","Tamara Crankit"
"The Blooddrain gurgled! Pedro Davids siphoned some of Mcdowell Mason's baserunning ability!","2020-10-06 01:18:41.112188","0e741607-56e3-4fd3-9fbe-9682d84e4086",8,9,"1a93a2d2-b5b6-479b-a595-703e4a2f3885","Pedro Davids","63df8701-1871-4987-87d7-b55d4f1df2e9","Mcdowell Mason"
"The Blooddrain gurgled! Luis Acevedo siphoned some of Vito Kravitz's hitting ability!","2020-10-06 01:20:37.114815","0e741607-56e3-4fd3-9fbe-9682d84e4086",8,9,"425f3f84-bab0-4cf2-91c1-96e78cf5cd02","Luis Acevedo","2e13249e-38ff-46a2-a55e-d15fa692468a","Vito Kravitz"
"The Blooddrain gurgled! Hendricks Richardson siphoned some of Justice Spoon's baserunning ability!","2020-10-06 15:10:17.128132","01d2a55d-4ed7-440d-8c64-f2c0a0dfbc25",8,23,"cf8e152e-2d27-4dcc-ba2b-68127de4e6a4","Hendricks Richardson","43d5da5f-c6a1-42f1-ab7f-50ea956b6cd5","Justice Spoon"
"The Blooddrain gurgled! Burke Gonzales siphoned some of Baby Doyle's pitching ability!","2020-10-07 13:16:53.612828","e583b752-5650-4071-ab25-7a7a703e0484",8,45,"65273615-22d5-4df1-9a73-707b23e828d5","Burke Gonzales","678170e4-0688-436d-a02d-c0467f9af8c0","Baby Doyle"
"The Blooddrain gurgled! Lowe Forbes siphoned some of Montgomery Bullock's pitching ability!","2020-10-09 16:23:17.108305","e234128d-1da8-4b80-96e7-fb0058e1e63a",8,96,"b348c037-eefc-4b81-8edd-dfa96188a97e","Lowe Forbes","1ffb1153-909d-44c7-9df1-6ed3a9a45bbd","Montgomery Bullock"
"The Blooddrain gurgled! Arturo Huerta siphoned some of Ronan Jaylee's pitching ability!","2020-10-09 18:21:35.10975","2b61b102-b8eb-4c8c-b9ec-6f45ddaffadc",8,98,"6f9de777-e812-4c84-915c-ef283c9f0cde","Arturo Huerta","042962c8-4d8b-44a6-b854-6ccef3d82716","Ronan Jaylee"
"The Blooddrain gurgled! Richardson Games siphoned some of Fletcher Yamamoto's defensive ability to add an Out!","2020-10-12 16:00:05.735228","6922cb3b-cfda-4216-989b-f9c8a51f43a5",9,0,"b1b141fc-e867-40d1-842a-cea30a97ca4f","Richardson Games","1e8b09bd-fbdd-444e-bd7e-10326bd57156","Fletcher Yamamoto"
"The Blooddrain gurgled! Nagomi Mcdaniel siphoned some of Kathy Mathews's defensive ability to remove a Ball!","2020-10-12 16:12:31.611392","d56192f7-3753-43a7-b4d9-bedb55384887",9,0,"c0732e36-3731-4f1a-abdc-daa9563b6506","Nagomi Mcdaniel","9c3273a0-2711-4958-b716-bfcf60857013","Kathy Mathews"
"The Blooddrain gurgled! Randy Dennis siphoned some of Nic Winkler's defensive ability to add an Out!","2020-10-12 16:19:55.609814","0a1061c6-b177-497a-9a0a-40b880804d9b",9,0,"5a26fc61-d75d-4c01-9ce2-1880ffb5550f","Randy Dennis","855775c1-266f-40f6-b07b-3a67ccdf8551","Nic Winkler"
"The Blooddrain gurgled! Baldwin Breadwinner siphoned some of Blood Hamburger's defensive ability!","2020-10-12 16:20:44.131672","6922cb3b-cfda-4216-989b-f9c8a51f43a5",9,0,"e4034192-4dc6-4901-bb30-07fe3cf77b5e","Baldwin Breadwinner","f7847de2-df43-4236-8dbe-ae403f5f3ab3","Blood Hamburger"
"The Blooddrain gurgled! Dudley Mueller siphoned some of Son Scotch's defensive ability to add an Out!","2020-10-12 17:14:32.108743","3cb325a0-19c7-45fb-ab2b-95e8df138a89",9,1,"2b5f5dd7-e31f-4829-bec5-546652103bc0","Dudley Mueller","285ce77d-e5cd-4daa-9784-801347140d48","Son Scotch"
"The Blooddrain gurgled! Halexandrey Walton siphoned some of Hahn Fox's hitting ability to remove an Out!","2020-10-12 19:04:33.11602","fcf72b08-814a-4eb0-b975-59b77dfee38a",9,3,"03b80a57-77ea-4913-9be4-7a85c3594745","Halexandrey Walton","f0bcf4bb-74b3-412e-a54c-04c12ad28ecb","Hahn Fox"
"The Blooddrain gurgled! Cory Ross siphoned some of Jaxon Buckley's defensive ability to add a Strike!","2020-10-12 19:13:52.119329","ff121fb5-eef3-401e-ac79-1ecb53fe42ce",9,3,"17397256-c28c-4cad-85f2-a21768c66e67","Cory Ross","405dfadf-d435-4307-82f6-8eba2287e87a","Jaxon Buckley"
"The Blooddrain gurgled! Halexandrey Walton siphoned some of Nerd Pacheco's defensive ability to remove a Ball!","2020-10-12 19:15:30.112813","fcf72b08-814a-4eb0-b975-59b77dfee38a",9,3,"03b80a57-77ea-4913-9be4-7a85c3594745","Halexandrey Walton","190a0f31-d686-4ac4-a7f3-cfc87b72c145","Nerd Pacheco"
"The Blooddrain gurgled! Randy Dennis siphoned some of Stephanie Winters's baserunning ability to remove an Out!","2020-10-12 19:16:33.606796","53a700f2-3d8e-4e31-bd64-fc563323cc6d",9,3,"5a26fc61-d75d-4c01-9ce2-1880ffb5550f","Randy Dennis","ad1e670a-f346-4bf7-a02f-a91649c41ccb","Stephanie Winters"
"The Blooddrain gurgled! Dudley Mueller siphoned some of Valentine Games's defensive ability!","2020-10-12 19:17:33.60716","fcf72b08-814a-4eb0-b975-59b77dfee38a",9,3,"2b5f5dd7-e31f-4829-bec5-546652103bc0","Dudley Mueller","c675fcdf-6117-49a6-ac32-99a89a3a88aa","Valentine Games"
"The Blooddrain gurgled! Cory Ross siphoned some of Jaxon Buckley's defensive ability to add an Out!","2020-10-12 20:06:50.614379","7085474a-9550-4b64-8a77-83751eea4288",9,4,"17397256-c28c-4cad-85f2-a21768c66e67","Cory Ross","405dfadf-d435-4307-82f6-8eba2287e87a","Jaxon Buckley"
"The Blooddrain gurgled! Cory Ross siphoned some of Eduardo Woodman's defensive ability to remove a Ball!","2020-10-12 20:16:56.619901","7085474a-9550-4b64-8a77-83751eea4288",9,4,"17397256-c28c-4cad-85f2-a21768c66e67","Cory Ross","32810dca-825c-4dbc-8b65-0702794c424e","Eduardo Woodman"
"The Blooddrain gurgled! Cory Ross siphoned some of Jaxon Buckley's defensive ability!","2020-10-12 20:22:33.676746","7085474a-9550-4b64-8a77-83751eea4288",9,4,"17397256-c28c-4cad-85f2-a21768c66e67","Cory Ross","405dfadf-d435-4307-82f6-8eba2287e87a","Jaxon Buckley"
"The Blooddrain gurgled! Cory Ross siphoned some of Farrell Seagull's defensive ability to remove a Ball!","2020-10-12 21:21:57.11335","fc202e4d-5d35-43a0-999a-3cd83824c316",9,5,"17397256-c28c-4cad-85f2-a21768c66e67","Cory Ross","bbf9543f-f100-445a-a467-81d7aab12236","Farrell Seagull"
"The Blooddrain gurgled! Isaac Johnson siphoned some of Gallup Crueller's defensive ability!","2020-10-12 22:07:25.107236","a25a1faf-d008-407c-97cd-01d2f84f871b",9,6,"68f98a04-204f-4675-92a7-8823f2277075","Isaac Johnson","e7ecf646-e5e4-49ef-a0e3-10a78e87f5f4","Gallup Crueller"
"The Blooddrain gurgled! Cory Ross siphoned some of Socks Maybe's defensive ability to add a Strike!","2020-10-12 22:08:52.614771","a25a1faf-d008-407c-97cd-01d2f84f871b",9,6,"17397256-c28c-4cad-85f2-a21768c66e67","Cory Ross","20c529b3-947e-4a77-b56f-69fe25fb3717","Socks Maybe"
"The Blooddrain gurgled! Richmond Harrison siphoned some of Comfort Septemberish's defensive ability to add a Strike!","2020-10-12 22:09:45.614095","3ebdf263-4b8b-4ed3-8b94-453fd9364c71",9,6,"d4a10c2a-0c28-466a-9213-38ba3339b65e","Richmond Harrison","d8ee256f-e3d0-46cb-8c77-b1f88d8c9df9","Comfort Septemberish"
"The Blooddrain gurgled! Cory Ross siphoned some of Goobie Ballson's defensive ability to add a Strike!","2020-10-12 22:12:16.446","a25a1faf-d008-407c-97cd-01d2f84f871b",9,6,"17397256-c28c-4cad-85f2-a21768c66e67","Cory Ross","ab36c776-b520-429b-a85f-bf633d7b081a","Goobie Ballson"
"The Blooddrain gurgled! Richmond Harrison siphoned some of Son Scotch's defensive ability to add an Out!","2020-10-12 22:22:46.610519","3ebdf263-4b8b-4ed3-8b94-453fd9364c71",9,6,"d4a10c2a-0c28-466a-9213-38ba3339b65e","Richmond Harrison","285ce77d-e5cd-4daa-9784-801347140d48","Son Scotch"
"The Blooddrain gurgled! Richmond Harrison siphoned some of Denzel Scott's hitting ability to remove a Strike!","2020-10-12 22:23:13.609664","3ebdf263-4b8b-4ed3-8b94-453fd9364c71",9,6,"d4a10c2a-0c28-466a-9213-38ba3339b65e","Richmond Harrison","d2d76815-cbdc-4c4b-9c9e-32ebf2297cc7","Denzel Scott"
"The Blooddrain gurgled! Beans McBlase siphoned some of Lawrence Horne's defensive ability to add an Out!","2020-10-12 23:05:44.106747","028307e2-d76b-48da-bf37-bcd750f4e182",9,7,"dddb6485-0527-4523-9bec-324a5b66bf37","Beans McBlase","2b9f9c25-43ec-4f0b-9937-a5aa23be0d9e","Lawrence Horne"
"The Blooddrain gurgled! Isaac Johnson siphoned some of Gallup Crueller's defensive ability to add an Out!","2020-10-12 23:08:55.611011","bb4eb508-6362-46b6-877f-f28c62f95b4e",9,7,"68f98a04-204f-4675-92a7-8823f2277075","Isaac Johnson","e7ecf646-e5e4-49ef-a0e3-10a78e87f5f4","Gallup Crueller"
"The Blooddrain gurgled! Yeong-Ho Benitez siphoned some of Simon Haley's defensive ability!","2020-10-12 23:10:17.129073","eef26736-ffd9-4a38-9429-7c949b80d02c",9,7,"ecb8d2f5-4ff5-4890-9693-5654e00055f6","Yeong-Ho Benitez","020ed630-8bae-4441-95cc-0e4ecc27253b","Simon Haley"
"The Blooddrain gurgled! Cory Ross siphoned some of Swamuel Mora's defensive ability to add a Strike!","2020-10-12 23:12:19.605482","bb4eb508-6362-46b6-877f-f28c62f95b4e",9,7,"17397256-c28c-4cad-85f2-a21768c66e67","Cory Ross","c182f33c-aea5-48a2-97ed-dc74fa29b3c0","Swamuel Mora"
"The Blooddrain gurgled! Lang Richardson siphoned some of Blood Hamburger's defensive ability!","2020-10-12 23:32:56.110385","eef26736-ffd9-4a38-9429-7c949b80d02c",9,7,"da0bbbe6-d13c-40cc-9594-8c476975d93d","Lang Richardson","f7847de2-df43-4236-8dbe-ae403f5f3ab3","Blood Hamburger"
"The Blooddrain gurgled! Yeong-Ho Benitez siphoned some of Stu Trololol's defensive ability to add an Out!","2020-10-13 00:03:12.611667","6a9da52b-e03c-4467-b058-17e4ba2e182b",9,8,"ecb8d2f5-4ff5-4890-9693-5654e00055f6","Yeong-Ho Benitez","d47dd08e-833c-4302-a965-a391d345455c","Stu Trololol"
"The Blooddrain gurgled! Richardson Games siphoned some of Farrell Seagull's defensive ability!","2020-10-13 00:08:32.60654","6a9da52b-e03c-4467-b058-17e4ba2e182b",9,8,"b1b141fc-e867-40d1-842a-cea30a97ca4f","Richardson Games","bbf9543f-f100-445a-a467-81d7aab12236","Farrell Seagull"
"The Blooddrain gurgled! Beans McBlase siphoned some of Cell Barajas's defensive ability to add an Out!","2020-10-13 00:15:48.61407","6472fb2a-a9a6-4300-9585-7cf70d2d4694",9,8,"dddb6485-0527-4523-9bec-324a5b66bf37","Beans McBlase","bd8778e5-02e8-4d1f-9c31-7b63942cc570","Cell Barajas"
"The Blooddrain gurgled! Yeong-Ho Benitez siphoned some of Sebastian Woodman's defensive ability to add an Out!","2020-10-13 00:16:22.606776","6a9da52b-e03c-4467-b058-17e4ba2e182b",9,8,"ecb8d2f5-4ff5-4890-9693-5654e00055f6","Yeong-Ho Benitez","15d3a844-df6b-4193-a8f5-9ab129312d8d","Sebastian Woodman"
"The Blooddrain gurgled! Richardson Games siphoned some of Yeong-Ho Benitez's defensive ability to add a Strike! Yeong-Ho Benitez strikes out looking.","2020-10-13 00:24:08.608293","6a9da52b-e03c-4467-b058-17e4ba2e182b",9,8,"b1b141fc-e867-40d1-842a-cea30a97ca4f","Richardson Games","ecb8d2f5-4ff5-4890-9693-5654e00055f6","Yeong-Ho Benitez"
"The Blooddrain gurgled! Winnie Hess siphoned some of Wyatt Glover's pitching ability!","2020-10-13 01:27:34.611867","8ebd2d93-73db-4d61-b2ee-58038eccd107",9,9,"f2a27a7e-bf04-4d31-86f5-16bfa3addbe7","Winnie Hess","e16c3f28-eecd-4571-be1a-606bbac36b2b","Wyatt Glover"
"The Blooddrain gurgled! Richmond Harrison siphoned some of Conner Haley's defensive ability to remove a Ball!","2020-10-13 02:06:14.611534","01011673-f888-4f61-8357-6393e4a9baf2",9,10,"d4a10c2a-0c28-466a-9213-38ba3339b65e","Richmond Harrison","740d5fef-d59f-4dac-9a75-739ec07f91cf","Conner Haley"
"The Blooddrain gurgled! Cory Ross siphoned some of Zion Aliciakeyes's defensive ability to add an Out!","2020-10-13 02:07:31.608271","01011673-f888-4f61-8357-6393e4a9baf2",9,10,"17397256-c28c-4cad-85f2-a21768c66e67","Cory Ross","2e86de11-a2dd-4b28-b5fe-f4d0c38cd20b","Zion Aliciakeyes"
"The Blooddrain gurgled! Richmond Harrison siphoned some of Sam Scandal's defensive ability!","2020-10-13 02:21:04.606848","01011673-f888-4f61-8357-6393e4a9baf2",9,10,"d4a10c2a-0c28-466a-9213-38ba3339b65e","Richmond Harrison","82d1b7b4-ce00-4536-8631-a025f05150ce","Sam Scandal"
"The Blooddrain gurgled! Isaac Johnson siphoned some of Margarito Nava's defensive ability to add an Out!","2020-10-13 03:01:47.615493","758862b8-26cd-4741-9d20-2ba47f0a3311",9,11,"68f98a04-204f-4675-92a7-8823f2277075","Isaac Johnson","718dea1a-d9a8-4c2b-933a-f0667b5250e6","Margarito Nava"
"The Blooddrain gurgled! Richardson Games siphoned some of Ziwa Mueller's defensive ability to add an Out!","2020-10-13 03:05:23.611423","773e0a2c-93eb-49ed-a6ce-56cbe316b724",9,11,"b1b141fc-e867-40d1-842a-cea30a97ca4f","Richardson Games","8c8cc584-199b-4b76-b2cd-eaa9a74965e5","Ziwa Mueller"
"The Blooddrain gurgled! Dudley Mueller siphoned some of Malik Romayne's defensive ability to add an Out!","2020-10-13 03:12:27.611553","dcdd601a-846b-4c89-af2b-cf7575b4402e",9,11,"2b5f5dd7-e31f-4829-bec5-546652103bc0","Dudley Mueller","f56657d3-3bdc-4840-a20c-91aca9cc360e","Malik Romayne"
"The Blooddrain gurgled! Dudley Mueller siphoned some of Math Velazquez's defensive ability to remove a Ball!","2020-10-13 03:14:30.607155","dcdd601a-846b-4c89-af2b-cf7575b4402e",9,11,"2b5f5dd7-e31f-4829-bec5-546652103bc0","Dudley Mueller","32551e28-3a40-47ae-aed1-ff5bc66be879","Math Velazquez"
"The Blooddrain gurgled! Richmond Harrison siphoned some of Oliver Mueller's defensive ability!","2020-10-13 04:09:40.108535","e5fbf289-ad11-4e8a-8027-a4b48393c5da",9,12,"d4a10c2a-0c28-466a-9213-38ba3339b65e","Richmond Harrison","8b53ce82-4b1a-48f0-999d-1774b3719202","Oliver Mueller"
"The Blooddrain gurgled! Spears Taylor siphoned some of Oscar Dollie's defensive ability to add a Strike!","2020-10-13 04:21:46.119379","1ac69e0e-1e74-46b6-8aa5-85011a054737",9,12,"13a05157-6172-4431-947b-a058217b4aa5","Spears Taylor","63512571-2eca-4bc4-8ad9-a5308a22ae22","Oscar Dollie"
"The Blooddrain gurgled! Nagomi Mcdaniel siphoned some of Baby Urlacher's defensive ability to remove a Ball!","2020-10-13 05:04:27.609244","fbb3aeeb-0f11-4936-9f26-57410d42037f",9,13,"c0732e36-3731-4f1a-abdc-daa9563b6506","Nagomi Mcdaniel","ad8d15f4-e041-4a12-a10e-901e6285fdc5","Baby Urlacher"
"The Blooddrain gurgled! Beans McBlase siphoned some of Thomas Dracaena's defensive ability to add a Strike! Thomas Dracaena strikes out looking.","2020-10-13 06:20:00.213454","4b722b30-b1c6-462a-a5a9-f5cc6e485f42",9,14,"dddb6485-0527-4523-9bec-324a5b66bf37","Beans McBlase","4b3e8e9b-6de1-4840-8751-b1fb45dc5605","Thomas Dracaena"
"The Blooddrain gurgled! Nagomi Mcdaniel siphoned some of Margarito Nava's defensive ability to remove a Ball!","2020-10-13 09:00:21.539276","f42f5433-765d-4eee-afd0-1ae7b2919a99",9,17,"c0732e36-3731-4f1a-abdc-daa9563b6506","Nagomi Mcdaniel","718dea1a-d9a8-4c2b-933a-f0667b5250e6","Margarito Nava"
"The Blooddrain gurgled! Beans McBlase siphoned some of Schneider Bendie's defensive ability to remove a Ball!","2020-10-13 09:25:43.609241","900fd7e7-2405-4510-9153-d5dd46c45971",9,17,"dddb6485-0527-4523-9bec-324a5b66bf37","Beans McBlase","4ffd2e50-bb5b-45d0-b7c4-e24d41b2ff5d","Schneider Bendie"
"The Blooddrain gurgled! Richmond Harrison siphoned some of Ren Hunter's defensive ability!","2020-10-13 11:22:31.606106","c2c6fa73-fce3-41c2-a2ad-0f44d1170714",9,19,"d4a10c2a-0c28-466a-9213-38ba3339b65e","Richmond Harrison","198fd9c8-cb75-482d-873e-e6b91d42a446","Ren Hunter"
"The Blooddrain gurgled! Cory Ross siphoned some of Washer Barajas's baserunning ability to add a Ball! Rai Spliff draws a walk.","2020-10-13 12:08:29.61116","1d34a977-9366-4ae8-b836-352e80abe834",9,20,"17397256-c28c-4cad-85f2-a21768c66e67","Cory Ross","17392be2-7344-48a0-b4db-8a040a7fb532","Washer Barajas"
"The Blooddrain gurgled! Theodore Cervantes siphoned some of Mummy Melcon's pitching ability to add a Strike!","2020-10-13 12:08:54.613949","4789be25-57d7-4baf-b1b9-026218b1ce46",9,20,"ae4acebd-edb5-4d20-bf69-f2d5151312ff","Theodore Cervantes","1db2f602-64b1-4a5c-8697-1932cc2c6df1","Mummy Melcon"
"The Blooddrain gurgled! Randy Dennis siphoned some of Vito Kravitz's defensive ability to add an Out!","2020-10-13 12:14:22.110791","2452c1c8-9ee5-41da-8409-dd573de111df",9,20,"5a26fc61-d75d-4c01-9ce2-1880ffb5550f","Randy Dennis","2e13249e-38ff-46a2-a55e-d15fa692468a","Vito Kravitz"
"The Blooddrain gurgled! Dudley Mueller siphoned some of Stephens Lightner's defensive ability!","2020-10-13 12:16:43.60995","3062028e-d1df-439c-96dd-fbf8945527cd",9,20,"2b5f5dd7-e31f-4829-bec5-546652103bc0","Dudley Mueller","4f328502-d347-4d2c-8fad-6ae59431d781","Stephens Lightner"
"The Blooddrain gurgled! Richmond Harrison siphoned some of Winnie Mccall's defensive ability to add an Out!","2020-10-13 12:20:47.63446","4789be25-57d7-4baf-b1b9-026218b1ce46",9,20,"d4a10c2a-0c28-466a-9213-38ba3339b65e","Richmond Harrison","413b3ddb-d933-4567-a60e-6d157480239d","Winnie Mccall"
"The Blooddrain gurgled! Combs Estes siphoned some of Dudley Mueller's pitching ability!","2020-10-13 12:21:27.607419","3062028e-d1df-439c-96dd-fbf8945527cd",9,20,"0295c6c2-b33c-47dd-affa-349da7fa1760","Combs Estes","2b5f5dd7-e31f-4829-bec5-546652103bc0","Dudley Mueller"
"The Blooddrain gurgled! Halexandrey Walton siphoned some of Cannonball Sports's defensive ability to add an Out!","2020-10-13 13:00:46.61133","4f2c8dfe-3750-4773-8797-f6f598ad4616",9,21,"03b80a57-77ea-4913-9be4-7a85c3594745","Halexandrey Walton","c0998a08-de15-4187-b903-2e096ffa08e5","Cannonball Sports"
"The Blooddrain gurgled! Nagomi Mcdaniel siphoned some of Summers Preston's defensive ability to add a Strike!","2020-10-13 13:02:22.609637","30222496-b419-45f7-a4ff-c62101d1479a",9,21,"c0732e36-3731-4f1a-abdc-daa9563b6506","Nagomi Mcdaniel","80e474a3-7d2b-431d-8192-2f1e27162607","Summers Preston"
"The Blooddrain gurgled! Halexandrey Walton siphoned some of Rivers Clembons's hitting ability!","2020-10-13 13:13:54.114887","4f2c8dfe-3750-4773-8797-f6f598ad4616",9,21,"03b80a57-77ea-4913-9be4-7a85c3594745","Halexandrey Walton","af6b3edc-ed52-4edc-b0c9-14e0a5ae0ee3","Rivers Clembons"
"The Blooddrain gurgled! Beans McBlase siphoned some of Sparks Beans's hitting ability to remove an Out!","2020-10-13 14:01:31.615095","0d5a1f20-a2b3-4d8e-896d-5b8463ce15ab",9,22,"dddb6485-0527-4523-9bec-324a5b66bf37","Beans McBlase","1c73f91e-0562-480d-9543-2aab1d5e5acd","Sparks Beans"
"The Blooddrain gurgled! Cory Ross siphoned some of Stew Briggs's defensive ability to remove a Ball!","2020-10-13 14:04:27.609659","c60ee935-6ed0-44af-bd0c-cbf9dc6fc333",9,22,"17397256-c28c-4cad-85f2-a21768c66e67","Cory Ross","46721a07-7cd2-4839-982e-7046df6e8b66","Stew Briggs"
"The Blooddrain gurgled! Randy Dennis siphoned some of Mcdowell Mason's defensive ability to remove a Ball!","2020-10-13 14:09:55.207955","a7ee8810-dbba-4453-9258-7c60e97d72a5",9,22,"5a26fc61-d75d-4c01-9ce2-1880ffb5550f","Randy Dennis","63df8701-1871-4987-87d7-b55d4f1df2e9","Mcdowell Mason"
"The Blooddrain gurgled! Richmond Harrison siphoned some of Juice Collins's defensive ability to remove a Ball!","2020-10-13 14:16:13.108311","2039aa99-572a-42bd-8c9f-b6eb21bc0ca0",9,22,"d4a10c2a-0c28-466a-9213-38ba3339b65e","Richmond Harrison","21cbbfaa-100e-48c5-9cea-7118b0d08a34","Juice Collins"
"The Blooddrain gurgled! Dudley Mueller siphoned some of Kichiro Guerra's defensive ability to add a Strike!","2020-10-13 15:13:39.111398","d855da7d-53f9-4f1c-9ef3-0ac8f278c21f",9,23,"2b5f5dd7-e31f-4829-bec5-546652103bc0","Dudley Mueller","58c9e294-bd49-457c-883f-fb3162fc668e","Kichiro Guerra"
"The Blooddrain gurgled! Dudley Mueller siphoned some of Helga Burton's defensive ability!","2020-10-13 15:14:01.473501","d855da7d-53f9-4f1c-9ef3-0ac8f278c21f",9,23,"2b5f5dd7-e31f-4829-bec5-546652103bc0","Dudley Mueller","bd24e18b-800d-4f15-878d-e334fb4803c4","Helga Burton"
"The Blooddrain gurgled! Isaac Johnson siphoned some of Elijah Valenzuela's defensive ability!","2020-10-13 15:17:39.607596","3947ad1f-71a3-4e15-bd03-2c8262552b1e",9,23,"68f98a04-204f-4675-92a7-8823f2277075","Isaac Johnson","2f3d7bc7-6ffb-40c3-a94f-5e626be413c9","Elijah Valenzuela"
"The Blooddrain gurgled! Randy Dennis siphoned some of Sutton Dreamy's defensive ability!","2020-10-13 18:02:42.61005","7636299a-4dc8-47e3-b531-3f6a70239c77",9,26,"5a26fc61-d75d-4c01-9ce2-1880ffb5550f","Randy Dennis","4ecee7be-93e4-4f04-b114-6b333e0e6408","Sutton Dreamy"
"The Blooddrain gurgled! Declan Suzanne siphoned some of Lawrence Horne's defensive ability!","2020-10-13 18:07:14.611641","1ccbc3f0-bb0c-4101-b4fd-5b4486810116",9,26,"bfd9ff52-9bf6-4aaf-a859-d308d8f29616","Declan Suzanne","2b9f9c25-43ec-4f0b-9937-a5aa23be0d9e","Lawrence Horne"
"The Blooddrain gurgled! Glabe Moon siphoned some of Sigmund Castillo's defensive ability to remove a Ball!","2020-10-13 18:12:07.618886","71337949-8efe-4d0a-ae9f-02b0698ed528",9,26,"04931546-1b4a-469f-b391-7ed67afe824c","Glabe Moon","126fb128-7c53-45b5-ac2b-5dbf9943d71b","Sigmund Castillo"
"The Blooddrain gurgled! Randy Dennis siphoned some of Forrest Best's defensive ability!","2020-10-13 18:12:38.608394","7636299a-4dc8-47e3-b531-3f6a70239c77",9,26,"5a26fc61-d75d-4c01-9ce2-1880ffb5550f","Randy Dennis","d35ccee1-9559-49a1-aaa4-7809f7b5c46e","Forrest Best"
"The Blooddrain gurgled! Nagomi Mcdaniel siphoned some of Jasmine Washington's defensive ability!","2020-10-13 18:22:55.607674","7636299a-4dc8-47e3-b531-3f6a70239c77",9,26,"c0732e36-3731-4f1a-abdc-daa9563b6506","Nagomi Mcdaniel","12577256-bc4e-4955-81d6-b422d895fb12","Jasmine Washington"
"The Blooddrain gurgled! Raúl Leal siphoned some of Tot Fox's hitting ability!","2020-10-13 18:24:00.618868","7636299a-4dc8-47e3-b531-3f6a70239c77",9,26,"2e6d4fa9-f930-47bd-971a-dd54a3cf7db1","Raúl Leal","90c2cec7-0ed5-426a-9de8-754f34d59b39","Tot Fox"
"The Blooddrain gurgled! Richardson Games siphoned some of Andrew Solis's defensive ability!","2020-10-13 20:13:11.60974","0ded9ad4-e424-4bb7-85b0-d28a8ad12724",9,27,"b1b141fc-e867-40d1-842a-cea30a97ca4f","Richardson Games","f38c5d80-093f-46eb-99d6-942aa45cd921","Andrew Solis"
"The Blooddrain gurgled! Richmond Harrison siphoned some of Quack Enjoyable's defensive ability to add an Out!","2020-10-13 20:18:39.607037","d5b2c236-e6f0-4224-a41a-cf4145ebc059",9,27,"d4a10c2a-0c28-466a-9213-38ba3339b65e","Richmond Harrison","86adac6f-c694-44ac-9560-758de7eac937","Quack Enjoyable"
"The Blooddrain gurgled! Richmond Harrison siphoned some of Summers Pony's defensive ability!","2020-10-13 20:20:42.610847","d5b2c236-e6f0-4224-a41a-cf4145ebc059",9,27,"d4a10c2a-0c28-466a-9213-38ba3339b65e","Richmond Harrison","81a0889a-4606-4f49-b419-866b57331383","Summers Pony"
"The Blooddrain gurgled! Glabe Moon siphoned some of Steph Weeks's defensive ability to add a Strike!","2020-10-13 20:23:16.115378","71cea485-1a6c-4a36-a58e-200eb53c4f9b",9,27,"04931546-1b4a-469f-b391-7ed67afe824c","Glabe Moon","18f45a1b-76eb-4b59-a275-c64cf62afce0","Steph Weeks"
"The Blooddrain gurgled! Silvia Rugrat siphoned some of Swamuel Mora's pitching ability to remove a Ball!","2020-10-13 22:01:57.10605","23079c34-aa32-4d4b-87f8-64efd5debc31",9,29,"089af518-e27c-4256-adc8-62e3f4b30f43","Silvia Rugrat","c182f33c-aea5-48a2-97ed-dc74fa29b3c0","Swamuel Mora"
"The Blooddrain gurgled! Richardson Games siphoned some of Ren Hunter's hitting ability!","2020-10-13 22:06:54.60948","34181a75-898d-4490-8284-14a92673c0f3",9,29,"b1b141fc-e867-40d1-842a-cea30a97ca4f","Richardson Games","198fd9c8-cb75-482d-873e-e6b91d42a446","Ren Hunter"
"The Blooddrain gurgled! Knight Urlacher siphoned some of Ronan Combs's defensive ability to add an Out!","2020-10-13 23:18:10.613761","bea6a3db-2599-42ac-9ec4-5c6af765dfdf",9,30,"cbd19e6f-3d08-4734-b23f-585330028665","Knight Urlacher","e4f1f358-ee1f-4466-863e-f329766279d0","Ronan Combs"
"The Blooddrain gurgled! Spears Taylor siphoned some of Sam Scandal's defensive ability!","2020-10-14 00:06:54.608889","9b50a335-3828-479f-98d3-aab7de3a9baa",9,31,"13a05157-6172-4431-947b-a058217b4aa5","Spears Taylor","82d1b7b4-ce00-4536-8631-a025f05150ce","Sam Scandal"
"The Blooddrain gurgled! Spears Taylor siphoned some of Cory Ross's defensive ability to add a Strike!","2020-10-14 01:16:54.109534","efdcb60d-56f1-416c-aafe-98f0326477ff",9,32,"13a05157-6172-4431-947b-a058217b4aa5","Spears Taylor","17397256-c28c-4cad-85f2-a21768c66e67","Cory Ross"
"The Blooddrain gurgled! Glabe Moon siphoned some of Pudge Nakatamo's defensive ability!","2020-10-14 02:00:01.62528","d32623fe-d5e1-46c3-9a2e-aba977b6aa98",9,33,"04931546-1b4a-469f-b391-7ed67afe824c","Glabe Moon","cc11963b-a05b-477b-b154-911dc31960df","Pudge Nakatamo"
"The Blooddrain gurgled! Glabe Moon siphoned some of Marco Stink's defensive ability to add an Out!","2020-10-14 02:03:04.120278","d32623fe-d5e1-46c3-9a2e-aba977b6aa98",9,33,"04931546-1b4a-469f-b391-7ed67afe824c","Glabe Moon","87e6ae4b-67de-4973-aa56-0fc9835a1e1e","Marco Stink"
"The Blooddrain gurgled! Randy Dennis siphoned some of Eizabeth Elliott's defensive ability to add a Strike!","2020-10-14 03:08:19.610931","d237ce82-4743-4412-a441-fffc7651a008",9,34,"5a26fc61-d75d-4c01-9ce2-1880ffb5550f","Randy Dennis","aa6c2662-75f8-4506-aa06-9a0993313216","Eizabeth Elliott"
"The Blooddrain gurgled! Halexandrey Walton siphoned some of Son Scotch's defensive ability to add an Out!","2020-10-14 04:03:27.609694","769df19d-cc50-4bb1-95bc-df5d9dd51b37",9,35,"03b80a57-77ea-4913-9be4-7a85c3594745","Halexandrey Walton","285ce77d-e5cd-4daa-9784-801347140d48","Son Scotch"
"The Blooddrain gurgled! Glabe Moon siphoned some of Hewitt Best's defensive ability!","2020-10-14 04:22:15.608838","64a74011-7021-4fbf-a1d1-030327238bf9",9,35,"04931546-1b4a-469f-b391-7ed67afe824c","Glabe Moon","88cd6efa-dbf2-4309-aabe-ec1d6f21f98a","Hewitt Best"
"The Blooddrain gurgled! Glabe Moon siphoned some of Stew Briggs's defensive ability!","2020-10-14 04:23:23.10824","64a74011-7021-4fbf-a1d1-030327238bf9",9,35,"04931546-1b4a-469f-b391-7ed67afe824c","Glabe Moon","46721a07-7cd2-4839-982e-7046df6e8b66","Stew Briggs"
"The Blooddrain gurgled! Richmond Harrison siphoned some of Juice Collins's defensive ability to add an Out!","2020-10-14 05:06:49.109896","4da7001b-02b9-4b69-9495-15862ac39a06",9,36,"d4a10c2a-0c28-466a-9213-38ba3339b65e","Richmond Harrison","21cbbfaa-100e-48c5-9cea-7118b0d08a34","Juice Collins"
"The Blooddrain gurgled! Spears Taylor siphoned some of Ren Morin's defensive ability to remove a Ball!","2020-10-14 05:14:29.611716","4da7001b-02b9-4b69-9495-15862ac39a06",9,36,"13a05157-6172-4431-947b-a058217b4aa5","Spears Taylor","32c9bce6-6e52-40fa-9f64-3629b3d026a8","Ren Morin"
"The Blooddrain gurgled! Halexandrey Walton siphoned some of Eizabeth Guerra's defensive ability to add an Out!","2020-10-14 05:15:28.610432","7d865c9c-bd74-4839-ba05-07542808f4e8",9,36,"03b80a57-77ea-4913-9be4-7a85c3594745","Halexandrey Walton","cd417f8a-ce01-4ab2-921d-42e2e445bbe2","Eizabeth Guerra"
"The Blooddrain gurgled! Halexandrey Walton siphoned some of Oscar Vaughan's hitting ability to add a Ball!","2020-10-14 05:43:08.113063","7d865c9c-bd74-4839-ba05-07542808f4e8",9,36,"03b80a57-77ea-4913-9be4-7a85c3594745","Halexandrey Walton","138fccc3-e66f-4b07-8327-d4b6f372f654","Oscar Vaughan"
"The Blooddrain gurgled! Randy Dennis siphoned some of Comfort Septemberish's defensive ability!","2020-10-14 06:00:31.379735","4d5ddff7-bcd1-4307-837b-d7b79905807c",9,37,"5a26fc61-d75d-4c01-9ce2-1880ffb5550f","Randy Dennis","d8ee256f-e3d0-46cb-8c77-b1f88d8c9df9","Comfort Septemberish"
"The Blooddrain gurgled! Nagomi Mcdaniel siphoned some of Oscar Dollie's defensive ability to add a Strike!","2020-10-14 06:20:04.609014","5d4f6510-9fc7-4475-ad3b-3d816840a5a1",9,37,"c0732e36-3731-4f1a-abdc-daa9563b6506","Nagomi Mcdaniel","63512571-2eca-4bc4-8ad9-a5308a22ae22","Oscar Dollie"
"The Blooddrain gurgled! Nagomi Mcdaniel siphoned some of Eizabeth Elliott's defensive ability to add a Strike!","2020-10-14 06:26:39.601219","5d4f6510-9fc7-4475-ad3b-3d816840a5a1",9,37,"c0732e36-3731-4f1a-abdc-daa9563b6506","Nagomi Mcdaniel","aa6c2662-75f8-4506-aa06-9a0993313216","Eizabeth Elliott"
"The Blooddrain gurgled! Glabe Moon siphoned some of Dudley Mueller's defensive ability!","2020-10-14 06:27:13.608655","c199e11d-2bcd-4b5d-90ee-0f9a99e26be7",9,37,"04931546-1b4a-469f-b391-7ed67afe824c","Glabe Moon","2b5f5dd7-e31f-4829-bec5-546652103bc0","Dudley Mueller"
"The Blooddrain gurgled! Richardson Games siphoned some of Alyssa Harrell's defensive ability!","2020-10-14 08:04:53.111842","2def526d-e627-45d5-b1bc-3cafcd8db75f",9,39,"b1b141fc-e867-40d1-842a-cea30a97ca4f","Richardson Games","80de2b05-e0d4-4d33-9297-9951b2b5c950","Alyssa Harrell"
"The Blooddrain gurgled! Cory Ross siphoned some of Jaxon Buckley's defensive ability to add a Strike! Jaxon Buckley strikes out looking.","2020-10-14 08:05:38.609735","1957ce49-bd09-4ae9-b258-40e39817389b",9,39,"17397256-c28c-4cad-85f2-a21768c66e67","Cory Ross","405dfadf-d435-4307-82f6-8eba2287e87a","Jaxon Buckley"
"The Blooddrain gurgled! Cory Ross siphoned some of Jode Preston's defensive ability!","2020-10-14 08:12:03.606726","1957ce49-bd09-4ae9-b258-40e39817389b",9,39,"17397256-c28c-4cad-85f2-a21768c66e67","Cory Ross","fcbe1d14-04c4-4331-97ad-46e170610633","Jode Preston"
"The Blooddrain gurgled! Halexandrey Walton siphoned some of Kichiro Guerra's defensive ability!","2020-10-14 08:12:16.607732","2e6be102-d5a8-478c-af7f-65efacfeeafc",9,39,"03b80a57-77ea-4913-9be4-7a85c3594745","Halexandrey Walton","58c9e294-bd49-457c-883f-fb3162fc668e","Kichiro Guerra"
"The Blooddrain gurgled! Knight Urlacher siphoned some of Basilio Fig's defensive ability to add an Out!","2020-10-14 08:12:48.609292","2e6be102-d5a8-478c-af7f-65efacfeeafc",9,39,"cbd19e6f-3d08-4734-b23f-585330028665","Knight Urlacher","c755efce-d04d-4e00-b5c1-d801070d3808","Basilio Fig"
"The Blooddrain gurgled! Halexandrey Walton siphoned some of Ortiz Lopez's defensive ability to add an Out!","2020-10-14 08:17:34.607644","2e6be102-d5a8-478c-af7f-65efacfeeafc",9,39,"03b80a57-77ea-4913-9be4-7a85c3594745","Halexandrey Walton","2b157c5c-9a6a-45a6-858f-bf4cf4cbc0bd","Ortiz Lopez"
"The Blooddrain gurgled! Knight Urlacher siphoned some of Valentine Games's defensive ability to add an Out!","2020-10-14 08:20:42.6078","2e6be102-d5a8-478c-af7f-65efacfeeafc",9,39,"cbd19e6f-3d08-4734-b23f-585330028665","Knight Urlacher","c675fcdf-6117-49a6-ac32-99a89a3a88aa","Valentine Games"
"The Blooddrain gurgled! Knight Urlacher siphoned some of Basilio Mason's defensive ability to add an Out!","2020-10-14 08:24:01.611089","2e6be102-d5a8-478c-af7f-65efacfeeafc",9,39,"cbd19e6f-3d08-4734-b23f-585330028665","Knight Urlacher","27c68d7f-5e40-4afa-8b6f-9df47b79e7dd","Basilio Mason"
"The Blooddrain gurgled! Richardson Games siphoned some of Evelton McBlase's baserunning ability to add a Ball!","2020-10-14 08:24:07.613437","2def526d-e627-45d5-b1bc-3cafcd8db75f",9,39,"b1b141fc-e867-40d1-842a-cea30a97ca4f","Richardson Games","a5f8ce83-02b2-498c-9e48-533a1d81aebf","Evelton McBlase"
"The Blooddrain gurgled! Cory Ross siphoned some of Beasley Day's defensive ability!","2020-10-14 09:05:33.606582","675f2e0c-4d59-4a15-b6ff-a513452e5fad",9,40,"17397256-c28c-4cad-85f2-a21768c66e67","Cory Ross","26cfccf2-850e-43eb-b085-ff73ad0749b8","Beasley Day"
"The Blooddrain gurgled! Spears Taylor siphoned some of Hotbox Sato's defensive ability to add a Strike!","2020-10-14 09:19:54.117703","4055a21b-bd47-41b5-bf1b-a68a8a32e3ec",9,40,"13a05157-6172-4431-947b-a058217b4aa5","Spears Taylor","2175cda0-a427-40fd-b497-347edcc1cd61","Hotbox Sato"
"The Blooddrain gurgled! Theodore Cervantes siphoned some of Mike Townsend's pitching ability to add an Out!","2020-10-14 09:19:54.609486","69156f48-e885-4cd7-a116-82dfa9f5ec45",9,40,"ae4acebd-edb5-4d20-bf69-f2d5151312ff","Theodore Cervantes","c6a277c3-d2b5-4363-839b-950896a5ec5e","Mike Townsend"
"The Blooddrain gurgled! Spears Taylor siphoned some of Velasquez Alstott's defensive ability to remove a Ball!","2020-10-14 09:21:56.612905","4055a21b-bd47-41b5-bf1b-a68a8a32e3ec",9,40,"13a05157-6172-4431-947b-a058217b4aa5","Spears Taylor","4ca52626-58cd-449d-88bb-f6d631588640","Velasquez Alstott"
"The Blooddrain gurgled! Dudley Mueller siphoned some of Summers Preston's defensive ability!","2020-10-14 09:23:47.610276","35ca60b8-9a5f-4fbb-9243-faea9b2dfe21",9,40,"2b5f5dd7-e31f-4829-bec5-546652103bc0","Dudley Mueller","80e474a3-7d2b-431d-8192-2f1e27162607","Summers Preston"
"The Blooddrain gurgled! Isaac Johnson siphoned some of Fran Beans's defensive ability to add an Out!","2020-10-14 11:02:06.634459","2fb0be6c-543f-4b2e-aa5e-903133e85b29",9,42,"68f98a04-204f-4675-92a7-8823f2277075","Isaac Johnson","f4ca437c-c31c-4508-afe7-6dae4330d717","Fran Beans"
"The Blooddrain gurgled! Halexandrey Walton siphoned some of Agan Harrison's baserunning ability!","2020-10-14 12:16:22.610493","24c4a75d-7c51-4c73-a8cd-35240c398af1",9,43,"03b80a57-77ea-4913-9be4-7a85c3594745","Halexandrey Walton","f4a5d734-0ade-4410-abb6-c0cd5a7a1c26","Agan Harrison"
"The Blooddrain gurgled! Beans McBlase siphoned some of Summers Pony's defensive ability to add a Strike!","2020-10-14 12:19:45.107035","88d7647e-5b36-45f1-8253-294f64ca1aab",9,43,"dddb6485-0527-4523-9bec-324a5b66bf37","Beans McBlase","81a0889a-4606-4f49-b419-866b57331383","Summers Pony"
"The Blooddrain gurgled! Halexandrey Walton siphoned some of Conrad Vaughan's defensive ability!","2020-10-14 13:01:36.6175","b28bb62a-75b6-443f-b54f-e01ae58bc246",9,44,"03b80a57-77ea-4913-9be4-7a85c3594745","Halexandrey Walton","5dbf11c0-994a-4482-bd1e-99379148ee45","Conrad Vaughan"
"The Blooddrain gurgled! Knight Urlacher siphoned some of Cannonball Sports's defensive ability to add a Strike!","2020-10-14 13:17:40.614832","3479bb97-625d-4501-9cec-c423896a8a0b",9,44,"cbd19e6f-3d08-4734-b23f-585330028665","Knight Urlacher","c0998a08-de15-4187-b903-2e096ffa08e5","Cannonball Sports"
"The Blooddrain gurgled! Halexandrey Walton siphoned some of Conrad Vaughan's hitting ability!","2020-10-14 13:20:17.612194","b28bb62a-75b6-443f-b54f-e01ae58bc246",9,44,"03b80a57-77ea-4913-9be4-7a85c3594745","Halexandrey Walton","5dbf11c0-994a-4482-bd1e-99379148ee45","Conrad Vaughan"
"The Blooddrain gurgled! Halexandrey Walton siphoned some of Tamara Crankit's defensive ability to add an Out!","2020-10-14 13:27:32.606733","b28bb62a-75b6-443f-b54f-e01ae58bc246",9,44,"03b80a57-77ea-4913-9be4-7a85c3594745","Halexandrey Walton","0f61d948-4f0c-4550-8410-ae1c7f9f5613","Tamara Crankit"
"The Blooddrain gurgled! Nagomi Mcdaniel siphoned some of Steph Weeks's defensive ability to add a Strike! Steph Weeks strikes out looking.","2020-10-14 14:02:57.129959","92b89ba6-6ee7-42ee-b2de-fc0b3244c937",9,45,"c0732e36-3731-4f1a-abdc-daa9563b6506","Nagomi Mcdaniel","18f45a1b-76eb-4b59-a275-c64cf62afce0","Steph Weeks"
"The Blooddrain gurgled! Theodore Cervantes siphoned some of Yeong-Ho Garcia's pitching ability!","2020-10-14 14:06:34.60708","3000c9fe-e585-4a8f-8fdb-02554957b475",9,45,"ae4acebd-edb5-4d20-bf69-f2d5151312ff","Theodore Cervantes","9397ed91-608e-4b13-98ea-e94c795f651e","Yeong-Ho Garcia"
"The Blooddrain gurgled! Combs Estes siphoned some of Sutton Dreamy's pitching ability!","2020-10-14 14:10:57.608912","92b89ba6-6ee7-42ee-b2de-fc0b3244c937",9,45,"0295c6c2-b33c-47dd-affa-349da7fa1760","Combs Estes","4ecee7be-93e4-4f04-b114-6b333e0e6408","Sutton Dreamy"
"The Blooddrain gurgled! Richardson Games siphoned some of Greer Gwiffin's defensive ability to add an Out!","2020-10-14 14:14:47.116005","7b1b2a69-0344-40a2-889a-3307fea0bc0e",9,45,"b1b141fc-e867-40d1-842a-cea30a97ca4f","Richardson Games","6c346d8b-d186-4228-9adb-ae919d7131dd","Greer Gwiffin"
"The Blooddrain gurgled! Logan Rodriguez siphoned some of Andrew Solis's pitching ability to add an Out!","2020-10-14 15:37:23.611707","f929a2b5-6b3a-4255-b355-09d6f807369e",9,46,"8adb084b-19fe-4295-bcd2-f92afdb62bd7","Logan Rodriguez","f38c5d80-093f-46eb-99d6-942aa45cd921","Andrew Solis"
"The Blooddrain gurgled! Dudley Mueller siphoned some of Castillo Turner's defensive ability to add an Out!","2020-10-14 16:02:47.610824","0c2b6ac8-ea01-4040-91a3-a0c36087ce64",9,47,"2b5f5dd7-e31f-4829-bec5-546652103bc0","Dudley Mueller","defbc540-a36d-460b-afd8-07da2375ee63","Castillo Turner"
"The Blooddrain gurgled! Beans McBlase siphoned some of Basilio Fig's hitting ability!","2020-10-14 16:08:45.117516","f031af78-201a-463d-9bf6-f481eae22f48",9,47,"dddb6485-0527-4523-9bec-324a5b66bf37","Beans McBlase","c755efce-d04d-4e00-b5c1-d801070d3808","Basilio Fig"
"The Blooddrain gurgled! Halexandrey Walton siphoned some of Ziwa Mueller's defensive ability to add an Out!","2020-10-14 16:10:07.615764","f031af78-201a-463d-9bf6-f481eae22f48",9,47,"03b80a57-77ea-4913-9be4-7a85c3594745","Halexandrey Walton","8c8cc584-199b-4b76-b2cd-eaa9a74965e5","Ziwa Mueller"
"The Blooddrain gurgled! Halexandrey Walton siphoned some of Fish Summer's defensive ability!","2020-10-14 16:21:24.615607","f031af78-201a-463d-9bf6-f481eae22f48",9,47,"03b80a57-77ea-4913-9be4-7a85c3594745","Halexandrey Walton","d89da2d2-674c-4b85-8959-a4bd406f760a","Fish Summer"
"The Blooddrain gurgled! Knight Urlacher siphoned some of Kennedy Loser's defensive ability to add a Strike!","2020-10-14 17:07:41.6088","c3259b30-cb37-4a0d-b732-2a02b9bff494",9,48,"cbd19e6f-3d08-4734-b23f-585330028665","Knight Urlacher","84a2b5f6-4955-4007-9299-3d35ae7135d3","Kennedy Loser"
"The Blooddrain gurgled! Glabe Moon siphoned some of Tamara Crankit's defensive ability to add an Out!","2020-10-14 17:07:54.613049","1a7c3e5b-ec05-4421-ad74-7acd37c82168",9,48,"04931546-1b4a-469f-b391-7ed67afe824c","Glabe Moon","0f61d948-4f0c-4550-8410-ae1c7f9f5613","Tamara Crankit"
"The Blooddrain gurgled! Glabe Moon siphoned some of Kathy Mathews's baserunning ability!","2020-10-14 17:12:03.613372","1a7c3e5b-ec05-4421-ad74-7acd37c82168",9,48,"04931546-1b4a-469f-b391-7ed67afe824c","Glabe Moon","9c3273a0-2711-4958-b716-bfcf60857013","Kathy Mathews"
"The Blooddrain gurgled! Glabe Moon siphoned some of Collins Melon's defensive ability to add a Strike!","2020-10-14 18:02:12.611115","09415d0f-21d1-41ac-82b4-9598fddaad55",9,49,"04931546-1b4a-469f-b391-7ed67afe824c","Glabe Moon","ef9f8b95-9e73-49cd-be54-60f84858a285","Collins Melon"
"The Blooddrain gurgled! Richmond Harrison siphoned some of Howell Franklin's defensive ability to remove a Ball!","2020-10-14 18:07:19.116833","adbe2483-6dc5-43e2-983e-e222d1a7d6fe",9,49,"d4a10c2a-0c28-466a-9213-38ba3339b65e","Richmond Harrison","fa477c92-39b6-4a52-b065-40af2f29840a","Howell Franklin"
"The Blooddrain gurgled! Halexandrey Walton siphoned some of Socks Maybe's defensive ability to add an Out!","2020-10-14 18:10:16.112687","842565e2-8f87-432a-aada-3a884903e4ba",9,49,"03b80a57-77ea-4913-9be4-7a85c3594745","Halexandrey Walton","20c529b3-947e-4a77-b56f-69fe25fb3717","Socks Maybe"
"The Blooddrain gurgled! Isaac Johnson siphoned some of Basilio Fig's defensive ability to add a Strike! Basilio Fig strikes out looking.","2020-10-14 18:11:59.62052","842565e2-8f87-432a-aada-3a884903e4ba",9,49,"68f98a04-204f-4675-92a7-8823f2277075","Isaac Johnson","c755efce-d04d-4e00-b5c1-d801070d3808","Basilio Fig"
"The Blooddrain gurgled! Richardson Games siphoned some of Ren Morin's defensive ability!","2020-10-14 18:13:13.607931","adbe2483-6dc5-43e2-983e-e222d1a7d6fe",9,49,"b1b141fc-e867-40d1-842a-cea30a97ca4f","Richardson Games","32c9bce6-6e52-40fa-9f64-3629b3d026a8","Ren Morin"
"The Blooddrain gurgled! Cory Ross siphoned some of Malik Destiny's defensive ability!","2020-10-14 19:17:59.105689","256dcfbf-519f-493c-b4e1-d3e5e6190b2a",9,50,"17397256-c28c-4cad-85f2-a21768c66e67","Cory Ross","1301ee81-406e-43d9-b2bb-55ca6e0f7765","Malik Destiny"
"The Blooddrain gurgled! Cory Ross siphoned some of Beasley Day's defensive ability!","2020-10-14 20:14:42.60841","885940c8-d8a6-4deb-b3a5-5763f9952750",9,51,"17397256-c28c-4cad-85f2-a21768c66e67","Cory Ross","26cfccf2-850e-43eb-b085-ff73ad0749b8","Beasley Day"
"The Blooddrain gurgled! Nagomi Mcdaniel siphoned some of Don Elliott's defensive ability to add an Out!","2020-10-14 21:10:20.604691","9acf2597-85f4-40a7-a06d-567fc32c9c74",9,52,"c0732e36-3731-4f1a-abdc-daa9563b6506","Nagomi Mcdaniel","0cc5bd39-e90d-42f9-9dd8-7e703f316436","Don Elliott"
"The Blooddrain gurgled! Richardson Games siphoned some of Chorby Short's hitting ability to add a Ball!","2020-10-14 22:13:01.699256","5aa04dfa-d799-428f-a271-8e4881e214a1",9,53,"b1b141fc-e867-40d1-842a-cea30a97ca4f","Richardson Games","a3947fbc-50ec-45a4-bca4-49ffebb77dbe","Chorby Short"
"The Blooddrain gurgled! Knight Urlacher siphoned some of Silvaire Roadhouse's defensive ability to add an Out!","2020-10-14 23:04:35.10912","8ed74019-a7e4-4e0c-b82b-95dcb2153e3f",9,54,"cbd19e6f-3d08-4734-b23f-585330028665","Knight Urlacher","c6a19154-7438-4c4f-b786-2dfaf5951f0f","Silvaire Roadhouse"
"The Blooddrain gurgled! Knight Urlacher siphoned some of Nagomi Mcdaniel's defensive ability!","2020-10-14 23:07:13.613651","8ed74019-a7e4-4e0c-b82b-95dcb2153e3f",9,54,"cbd19e6f-3d08-4734-b23f-585330028665","Knight Urlacher","c0732e36-3731-4f1a-abdc-daa9563b6506","Nagomi Mcdaniel"
"The Blooddrain gurgled! Spears Taylor siphoned some of Quack Enjoyable's defensive ability!","2020-10-14 23:11:41.61871","b34d86e4-19b3-4809-bd13-a2b848ae9d2c",9,54,"13a05157-6172-4431-947b-a058217b4aa5","Spears Taylor","86adac6f-c694-44ac-9560-758de7eac937","Quack Enjoyable"
"The Blooddrain gurgled! Randy Dennis siphoned some of Valentine Games's defensive ability to add an Out!","2020-10-14 23:20:40.105574","1cea1ead-bfb7-49eb-afca-07a4b154b11b",9,54,"5a26fc61-d75d-4c01-9ce2-1880ffb5550f","Randy Dennis","c675fcdf-6117-49a6-ac32-99a89a3a88aa","Valentine Games"
"The Blooddrain gurgled! Dudley Mueller siphoned some of Wesley Poole's hitting ability!","2020-10-15 00:00:41.60841","f55977b3-2d1b-40c7-a2e0-480bc00a1373",9,55,"2b5f5dd7-e31f-4829-bec5-546652103bc0","Dudley Mueller","e4e4c17d-8128-4704-9e04-f244d4573c4d","Wesley Poole"
"The Blooddrain gurgled! Isaac Johnson siphoned some of Dudley Mueller's defensive ability!","2020-10-15 00:15:35.122913","f55977b3-2d1b-40c7-a2e0-480bc00a1373",9,55,"68f98a04-204f-4675-92a7-8823f2277075","Isaac Johnson","2b5f5dd7-e31f-4829-bec5-546652103bc0","Dudley Mueller"
"The Blooddrain gurgled! Halexandrey Walton siphoned some of Raúl Leal's defensive ability to add an Out!","2020-10-15 01:01:28.606978","23713a12-745c-4291-aa2d-4769bdb42c7b",9,56,"03b80a57-77ea-4913-9be4-7a85c3594745","Halexandrey Walton","2e6d4fa9-f930-47bd-971a-dd54a3cf7db1","Raúl Leal"
"The Blooddrain gurgled! Isaac Johnson siphoned some of Sigmund Castillo's defensive ability to remove a Ball!","2020-10-15 01:03:38.111062","acdf8321-468b-4652-ac5f-15d0f32b9550",9,56,"68f98a04-204f-4675-92a7-8823f2277075","Isaac Johnson","126fb128-7c53-45b5-ac2b-5dbf9943d71b","Sigmund Castillo"
"The Blooddrain gurgled! Randy Dennis siphoned some of Moses Mason's defensive ability to add an Out!","2020-10-15 02:16:37.607239","9323ab5b-8c6e-4466-89a3-e9511f457307",9,57,"5a26fc61-d75d-4c01-9ce2-1880ffb5550f","Randy Dennis","75f9d874-5e69-438d-900d-a3fcb1d429b3","Moses Mason"
"The Blooddrain gurgled! Isaac Johnson siphoned some of Lawrence Horne's defensive ability!","2020-10-15 02:17:53.615891","3682efda-2950-4aa5-99ac-c630157c2772",9,57,"68f98a04-204f-4675-92a7-8823f2277075","Isaac Johnson","2b9f9c25-43ec-4f0b-9937-a5aa23be0d9e","Lawrence Horne"
"The Blooddrain gurgled! Isaac Johnson siphoned some of Ronan Combs's defensive ability to add a Strike!","2020-10-15 02:20:21.607424","3682efda-2950-4aa5-99ac-c630157c2772",9,57,"68f98a04-204f-4675-92a7-8823f2277075","Isaac Johnson","e4f1f358-ee1f-4466-863e-f329766279d0","Ronan Combs"
"The Blooddrain gurgled! Dudley Mueller siphoned some of NaN's defensive ability!","2020-10-15 02:22:36.607752","50d9d458-6911-471d-9fb0-a69dd92a1be3",9,57,"2b5f5dd7-e31f-4829-bec5-546652103bc0","Dudley Mueller","1f159bab-923a-4811-b6fa-02bfde50925a","NaN"
"The Blooddrain gurgled! Cory Ross siphoned some of Sebastian Woodman's defensive ability to add an Out!","2020-10-15 03:31:25.641806","0a2d1667-d691-4bd8-a9fc-de656f20d77a",9,58,"17397256-c28c-4cad-85f2-a21768c66e67","Cory Ross","15d3a844-df6b-4193-a8f5-9ab129312d8d","Sebastian Woodman"
"The Blooddrain gurgled! Knight Urlacher siphoned some of Igneus Delacruz's defensive ability to add an Out!","2020-10-15 04:19:24.611085","5fbdc6df-57c1-496d-862c-48f8b9c5fa2e",9,59,"cbd19e6f-3d08-4734-b23f-585330028665","Knight Urlacher","4f69e8c2-b2a1-4e98-996a-ccf35ac844c5","Igneus Delacruz"
"The Blooddrain gurgled! Richardson Games siphoned some of Spears Taylor's defensive ability to add an Out!","2020-10-15 05:05:28.603754","5d84dba6-d4fc-460a-a617-28ffd675818f",9,60,"b1b141fc-e867-40d1-842a-cea30a97ca4f","Richardson Games","13a05157-6172-4431-947b-a058217b4aa5","Spears Taylor"
"The Blooddrain gurgled! Isaac Johnson siphoned some of Silvaire Roadhouse's defensive ability to add an Out!","2020-10-15 05:11:06.613286","e113406a-ddb6-4f47-8cb8-1e5293a676ca",9,60,"68f98a04-204f-4675-92a7-8823f2277075","Isaac Johnson","c6a19154-7438-4c4f-b786-2dfaf5951f0f","Silvaire Roadhouse"
"The Blooddrain gurgled! Dudley Mueller siphoned some of Jacob Haynes's defensive ability to remove a Ball!","2020-10-15 06:08:50.60934","196279af-31c7-4fa2-9ba7-700cb959c9db",9,61,"2b5f5dd7-e31f-4829-bec5-546652103bc0","Dudley Mueller","51c5473a-7545-4a9a-920d-d9b718d0e8d1","Jacob Haynes"
"The Blooddrain gurgled! Glabe Moon siphoned some of Dudley Mueller's defensive ability to add a Strike!","2020-10-15 06:14:25.60554","196279af-31c7-4fa2-9ba7-700cb959c9db",9,61,"04931546-1b4a-469f-b391-7ed67afe824c","Glabe Moon","2b5f5dd7-e31f-4829-bec5-546652103bc0","Dudley Mueller"
"The Blooddrain gurgled! Dudley Mueller siphoned some of Hiroto Cerna's defensive ability to add an Out!","2020-10-15 06:16:43.617795","196279af-31c7-4fa2-9ba7-700cb959c9db",9,61,"2b5f5dd7-e31f-4829-bec5-546652103bc0","Dudley Mueller","d51f1fe8-4ab8-411e-b836-5bba92984d32","Hiroto Cerna"
"The Blooddrain gurgled! Glabe Moon siphoned some of Hahn Fox's defensive ability to add an Out!","2020-10-15 06:17:50.603936","196279af-31c7-4fa2-9ba7-700cb959c9db",9,61,"04931546-1b4a-469f-b391-7ed67afe824c","Glabe Moon","f0bcf4bb-74b3-412e-a54c-04c12ad28ecb","Hahn Fox"
"The Blooddrain gurgled! Beans McBlase siphoned some of Schneider Bendie's defensive ability to remove a Ball!","2020-10-15 06:20:12.130232","b95914e9-c3b4-4a59-976f-bd6c4b676c85",9,61,"dddb6485-0527-4523-9bec-324a5b66bf37","Beans McBlase","4ffd2e50-bb5b-45d0-b7c4-e24d41b2ff5d","Schneider Bendie"
"The Blooddrain gurgled! Steph Weeks siphoned some of Helga Burton's defensive ability!","2020-10-15 07:01:57.608163","cd3566b0-842d-4dff-bffa-344cefc0e5e9",9,62,"18f45a1b-76eb-4b59-a275-c64cf62afce0","Steph Weeks","bd24e18b-800d-4f15-878d-e334fb4803c4","Helga Burton"
"The Blooddrain gurgled! Richardson Games siphoned some of Evelton McBlase II's defensive ability!","2020-10-15 07:02:07.605897","8134c261-b7fe-426e-b3bf-e50e01816506",9,62,"b1b141fc-e867-40d1-842a-cea30a97ca4f","Richardson Games","2c4b2a6d-9961-4e40-882c-a338f4e72117","Evelton McBlase II"
"The Blooddrain gurgled! Spears Taylor siphoned some of Esme Ramsey's defensive ability to add an Out!","2020-10-15 07:05:46.108789","8134c261-b7fe-426e-b3bf-e50e01816506",9,62,"13a05157-6172-4431-947b-a058217b4aa5","Spears Taylor","b8ab86c6-9054-4832-9b96-508dbd4eb624","Esme Ramsey"
"The Blooddrain gurgled! Knight Urlacher siphoned some of Steph Weeks's defensive ability to add an Out!","2020-10-15 07:10:23.607605","cd3566b0-842d-4dff-bffa-344cefc0e5e9",9,62,"cbd19e6f-3d08-4734-b23f-585330028665","Knight Urlacher","18f45a1b-76eb-4b59-a275-c64cf62afce0","Steph Weeks"
"The Blooddrain gurgled! Helga Moreno siphoned some of Walton Sports's hitting ability!","2020-10-15 07:17:43.135146","cd3566b0-842d-4dff-bffa-344cefc0e5e9",9,62,"0eea4a48-c84b-4538-97e7-3303671934d2","Helga Moreno","bf122660-df52-4fc4-9e70-ee185423ff93","Walton Sports"
"The Blooddrain gurgled! Bonk Jokes siphoned some of Cory Ross's hitting ability!","2020-10-15 07:22:37.53619","4035f94d-94f0-4f07-b62e-b8431388722a",9,62,"2ffbaec8-a646-4435-a17a-3a0a2b5f3e16","Bonk Jokes","17397256-c28c-4cad-85f2-a21768c66e67","Cory Ross"
"The Blooddrain gurgled! Cory Ross siphoned some of Oliver Notarobot's defensive ability to remove a Ball!","2020-10-15 08:00:51.610406","fc7d120b-15e0-4550-bc08-44c597063d14",9,63,"17397256-c28c-4cad-85f2-a21768c66e67","Cory Ross","542af915-79c5-431c-a271-f7185e37c6ae","Oliver Notarobot"
"The Blooddrain gurgled! Isaac Johnson siphoned some of Nic Winkler's defensive ability!","2020-10-15 08:01:46.607666","aac7fa25-dfb3-4053-98ab-0476d8a80b77",9,63,"68f98a04-204f-4675-92a7-8823f2277075","Isaac Johnson","855775c1-266f-40f6-b07b-3a67ccdf8551","Nic Winkler"
"The Blooddrain gurgled! Isaac Johnson siphoned some of Margarito Nava's defensive ability!","2020-10-15 08:02:39.114885","aac7fa25-dfb3-4053-98ab-0476d8a80b77",9,63,"68f98a04-204f-4675-92a7-8823f2277075","Isaac Johnson","718dea1a-d9a8-4c2b-933a-f0667b5250e6","Margarito Nava"
"The Blooddrain gurgled! Glabe Moon siphoned some of Lou Roseheart's defensive ability to remove a Ball!","2020-10-15 08:03:41.609398","aac7fa25-dfb3-4053-98ab-0476d8a80b77",9,63,"04931546-1b4a-469f-b391-7ed67afe824c","Glabe Moon","20e13b56-599b-4a22-b752-8059effc81dc","Lou Roseheart"
"The Blooddrain gurgled! Cory Ross siphoned some of Oliver Mueller's defensive ability to remove a Ball!","2020-10-15 08:21:18.606398","fc7d120b-15e0-4550-bc08-44c597063d14",9,63,"17397256-c28c-4cad-85f2-a21768c66e67","Cory Ross","8b53ce82-4b1a-48f0-999d-1774b3719202","Oliver Mueller"
"The Blooddrain gurgled! Knight Urlacher siphoned some of Cell Barajas's baserunning ability to add a Ball!","2020-10-15 08:22:43.11003","47b37b91-475b-4eb5-ac20-fd0ce62f9eb0",9,63,"cbd19e6f-3d08-4734-b23f-585330028665","Knight Urlacher","bd8778e5-02e8-4d1f-9c31-7b63942cc570","Cell Barajas"
"The Blooddrain gurgled! Richardson Games siphoned some of Jacob Winner's defensive ability!","2020-10-15 09:18:20.608614","8de4bce2-4ddc-44c2-9881-8d4faf22cdc6",9,64,"b1b141fc-e867-40d1-842a-cea30a97ca4f","Richardson Games","167751d5-210c-4a6e-9568-e92d61bab185","Jacob Winner"
"The Blooddrain gurgled! Beans McBlase siphoned some of Zion Aliciakeyes's defensive ability!","2020-10-15 09:20:35.604614","a084f23c-6ba7-460c-9f9e-88016121b256",9,64,"dddb6485-0527-4523-9bec-324a5b66bf37","Beans McBlase","2e86de11-a2dd-4b28-b5fe-f4d0c38cd20b","Zion Aliciakeyes"
"The Blooddrain gurgled! Spears Taylor siphoned some of Howell Franklin's defensive ability!","2020-10-15 10:10:46.1061","d7ebab99-1c9b-4227-8c03-4aaf7a8b1b94",9,65,"13a05157-6172-4431-947b-a058217b4aa5","Spears Taylor","fa477c92-39b6-4a52-b065-40af2f29840a","Howell Franklin"
"The Blooddrain gurgled! Nagomi Mcdaniel siphoned some of Nagomi Nava's defensive ability to remove a Ball!","2020-10-15 10:14:38.605024","12572949-86c2-4c2b-a6ab-9497b9446654",9,65,"c0732e36-3731-4f1a-abdc-daa9563b6506","Nagomi Mcdaniel","89f74891-2e25-4b5a-bd99-c95ba3f36aa0","Nagomi Nava"
"The Blooddrain gurgled! Richardson Games siphoned some of Baldwin Breadwinner's defensive ability!","2020-10-15 10:15:10.112881","d7ebab99-1c9b-4227-8c03-4aaf7a8b1b94",9,65,"b1b141fc-e867-40d1-842a-cea30a97ca4f","Richardson Games","e4034192-4dc6-4901-bb30-07fe3cf77b5e","Baldwin Breadwinner"
"The Blooddrain gurgled! Dudley Mueller siphoned some of Qais Dogwalker's hitting ability to remove an Out!","2020-10-15 11:10:57.605427","34ca6d72-9ea1-47f4-a56d-451408278bf5",9,66,"2b5f5dd7-e31f-4829-bec5-546652103bc0","Dudley Mueller","20be1c34-071d-40c6-8824-dde2af184b4d","Qais Dogwalker"
"The Blooddrain gurgled! Richmond Harrison siphoned some of Nandy Fantastic's defensive ability to add a Strike!","2020-10-15 11:16:30.623114","c521d529-0550-45e7-8c9c-194b0a74b574",9,66,"d4a10c2a-0c28-466a-9213-38ba3339b65e","Richmond Harrison","ec68845f-3b26-412f-8446-4fef34e09c77","Nandy Fantastic"
"The Blooddrain gurgled! Esme Ramsey siphoned some of Ruslan Greatness's baserunning ability!","2020-10-15 13:07:49.606916","937f655b-63ac-4e4b-a156-ea3fcfcce655",9,68,"b8ab86c6-9054-4832-9b96-508dbd4eb624","Esme Ramsey","814bae61-071a-449b-981e-e7afc839d6d6","Ruslan Greatness"
"The Blooddrain gurgled! Richmond Harrison siphoned some of Penelope Mathews's hitting ability to remove an Out!","2020-10-15 13:18:15.607652","bf31643b-445a-4ee7-a605-ed711dd5d5ab",9,68,"d4a10c2a-0c28-466a-9213-38ba3339b65e","Richmond Harrison","0c83e3b6-360e-4b7d-85e3-d906633c9ca0","Penelope Mathews"
"The Blooddrain gurgled! Hiroto Wilcox siphoned some of Lachlan Shelton's pitching ability!","2020-10-15 14:20:51.109626","6636564e-93cc-4155-9679-b1d25a8383df",9,69,"2720559e-9173-4042-aaa0-d3852b72ab2e","Hiroto Wilcox","9f85676a-7411-444a-8ae2-c7f8f73c285c","Lachlan Shelton"
"The Blooddrain gurgled! Halexandrey Walton siphoned some of Chambers Simmons's hitting ability to remove an Out!","2020-10-15 14:21:00.608183","89d2f436-73f3-4af7-919d-ded9d63479e1",9,69,"03b80a57-77ea-4913-9be4-7a85c3594745","Halexandrey Walton","a647388d-fc59-4c1b-90d3-8c1826e07775","Chambers Simmons"
"The Blooddrain gurgled! Beans McBlase siphoned some of Carmelo Plums's defensive ability to add a Strike!","2020-10-15 16:14:49.114149","7adf53f3-6145-4f0a-8072-8946157a5e42",9,71,"dddb6485-0527-4523-9bec-324a5b66bf37","Beans McBlase","c18961e9-ef3f-4954-bd6b-9fe01c615186","Carmelo Plums"
"The Blooddrain gurgled! Isaac Johnson siphoned some of Wyatt Owens's baserunning ability!","2020-10-15 16:25:36.107309","d27b60cb-cf7d-4e9e-86a8-63bdb787228e",9,71,"68f98a04-204f-4675-92a7-8823f2277075","Isaac Johnson","21d52455-6c2c-4ee4-8673-ab46b4b926b4","Wyatt Owens"
"The Blooddrain gurgled! Halexandrey Walton siphoned some of Theo King's defensive ability to add an Out!","2020-10-15 17:05:43.785978","b8bcd131-3c1e-44c6-984f-3b275a7abeb6",9,72,"03b80a57-77ea-4913-9be4-7a85c3594745","Halexandrey Walton","ee55248b-318a-4bfb-8894-1cc70e4e0720","Theo King"
"The Blooddrain gurgled! Glabe Moon siphoned some of Denzel Scott's defensive ability!","2020-10-15 18:06:43.93158","10201c93-75f5-42da-8333-7a37fae80bc9",9,73,"04931546-1b4a-469f-b391-7ed67afe824c","Glabe Moon","d2d76815-cbdc-4c4b-9c9e-32ebf2297cc7","Denzel Scott"
"The Blooddrain gurgled! Glabe Moon siphoned some of Malik Romayne's hitting ability!","2020-10-15 18:14:55.6095","10201c93-75f5-42da-8333-7a37fae80bc9",9,73,"04931546-1b4a-469f-b391-7ed67afe824c","Glabe Moon","f56657d3-3bdc-4840-a20c-91aca9cc360e","Malik Romayne"
"The Blooddrain gurgled! Spears Taylor siphoned some of Sebastian Woodman's defensive ability!","2020-10-15 19:05:23.612296","60ff69a0-2151-4dc4-b310-6a6a33387833",9,74,"13a05157-6172-4431-947b-a058217b4aa5","Spears Taylor","15d3a844-df6b-4193-a8f5-9ab129312d8d","Sebastian Woodman"
"The Blooddrain gurgled! Richardson Games siphoned some of Jacob Winner's defensive ability to add an Out!","2020-10-15 19:26:46.607596","60ff69a0-2151-4dc4-b310-6a6a33387833",9,74,"b1b141fc-e867-40d1-842a-cea30a97ca4f","Richardson Games","167751d5-210c-4a6e-9568-e92d61bab185","Jacob Winner"
"The Blooddrain gurgled! Spears Taylor siphoned some of Sebastian Woodman's defensive ability to add an Out!","2020-10-15 19:45:42.107978","60ff69a0-2151-4dc4-b310-6a6a33387833",9,74,"13a05157-6172-4431-947b-a058217b4aa5","Spears Taylor","15d3a844-df6b-4193-a8f5-9ab129312d8d","Sebastian Woodman"
"The Blooddrain gurgled! Spears Taylor siphoned some of Hotbox Sato's defensive ability!","2020-10-15 19:50:16.614861","60ff69a0-2151-4dc4-b310-6a6a33387833",9,74,"13a05157-6172-4431-947b-a058217b4aa5","Spears Taylor","2175cda0-a427-40fd-b497-347edcc1cd61","Hotbox Sato"
"The Blooddrain gurgled! Isaac Johnson siphoned some of Math Velazquez's defensive ability!","2020-10-15 20:04:43.11232","1142c6c8-da14-4ba8-b7ef-cb911cf220ea",9,75,"68f98a04-204f-4675-92a7-8823f2277075","Isaac Johnson","32551e28-3a40-47ae-aed1-ff5bc66be879","Math Velazquez"
"The Blooddrain gurgled! Cory Ross siphoned some of Esme Ramsey's defensive ability!","2020-10-15 22:31:40.10322","61a897d0-9daf-4fe1-ae15-88690685bdd6",9,77,"17397256-c28c-4cad-85f2-a21768c66e67","Cory Ross","b8ab86c6-9054-4832-9b96-508dbd4eb624","Esme Ramsey"
"The Blooddrain gurgled! Nagomi Mcdaniel siphoned some of Hendricks Richardson's defensive ability to add an Out!","2020-10-15 23:01:11.624005","2de1a683-1f6c-4c31-bed4-4bbafac96ae9",9,78,"c0732e36-3731-4f1a-abdc-daa9563b6506","Nagomi Mcdaniel","cf8e152e-2d27-4dcc-ba2b-68127de4e6a4","Hendricks Richardson"
"The Blooddrain gurgled! Halexandrey Walton siphoned some of Agan Harrison's baserunning ability to add a Ball!","2020-10-15 23:32:35.761546","88a9e285-3a87-492f-9a9a-91748cb5ac84",9,78,"03b80a57-77ea-4913-9be4-7a85c3594745","Halexandrey Walton","f4a5d734-0ade-4410-abb6-c0cd5a7a1c26","Agan Harrison"
"The Blooddrain gurgled! Dudley Mueller siphoned some of Forrest Best's defensive ability to add an Out!","2020-10-16 01:00:51.614101","50dc66a2-08d0-4943-9505-a59dcbbc4fcb",9,80,"2b5f5dd7-e31f-4829-bec5-546652103bc0","Dudley Mueller","d35ccee1-9559-49a1-aaa4-7809f7b5c46e","Forrest Best"
"The Blooddrain gurgled! Dudley Mueller siphoned some of Pedro Davids's defensive ability to remove a Ball!","2020-10-16 01:09:32.633303","50dc66a2-08d0-4943-9505-a59dcbbc4fcb",9,80,"2b5f5dd7-e31f-4829-bec5-546652103bc0","Dudley Mueller","1a93a2d2-b5b6-479b-a595-703e4a2f3885","Pedro Davids"
"The Blooddrain gurgled! Richmond Harrison siphoned some of Ren Hunter's defensive ability to add a Strike!","2020-10-16 01:21:40.625319","d0dd2edc-5f04-4b0f-9163-72e8fc7a29a0",9,80,"d4a10c2a-0c28-466a-9213-38ba3339b65e","Richmond Harrison","198fd9c8-cb75-482d-873e-e6b91d42a446","Ren Hunter"
"The Blooddrain gurgled! Richmond Harrison siphoned some of Schneider Bendie's defensive ability to add an Out!","2020-10-16 01:23:48.114504","d0dd2edc-5f04-4b0f-9163-72e8fc7a29a0",9,80,"d4a10c2a-0c28-466a-9213-38ba3339b65e","Richmond Harrison","4ffd2e50-bb5b-45d0-b7c4-e24d41b2ff5d","Schneider Bendie"
"The Blooddrain gurgled! Richmond Harrison siphoned some of Bates Bentley's defensive ability to add a Strike!","2020-10-16 01:24:15.627764","d0dd2edc-5f04-4b0f-9163-72e8fc7a29a0",9,80,"d4a10c2a-0c28-466a-9213-38ba3339b65e","Richmond Harrison","9965eed5-086c-4977-9470-fe410f92d353","Bates Bentley"
"The Blooddrain gurgled! Igneus Delacruz siphoned some of Theodore Holloway's defensive ability!","2020-10-16 02:10:11.606777","b300549e-9088-495e-9945-79e341ac6861",9,81,"4f69e8c2-b2a1-4e98-996a-ccf35ac844c5","Igneus Delacruz","3a8c52d7-4124-4a65-a20d-d51abcbe6540","Theodore Holloway"
"The Blooddrain gurgled! Dudley Mueller siphoned some of Malik Romayne's hitting ability to add a Ball!","2020-10-16 03:00:36.610716","25215935-ce28-4a11-92e6-5db5136261f6",9,82,"2b5f5dd7-e31f-4829-bec5-546652103bc0","Dudley Mueller","f56657d3-3bdc-4840-a20c-91aca9cc360e","Malik Romayne"
"The Blooddrain gurgled! Halexandrey Walton siphoned some of Nic Winkler's defensive ability to add an Out!","2020-10-16 03:00:41.619038","6ec00235-7704-42a4-a524-9e60d9b45587",9,82,"03b80a57-77ea-4913-9be4-7a85c3594745","Halexandrey Walton","855775c1-266f-40f6-b07b-3a67ccdf8551","Nic Winkler"
"The Blooddrain gurgled! Glabe Moon siphoned some of Halexandrey Walton's defensive ability to add a Strike!","2020-10-16 03:00:58.603271","6ec00235-7704-42a4-a524-9e60d9b45587",9,82,"04931546-1b4a-469f-b391-7ed67afe824c","Glabe Moon","03b80a57-77ea-4913-9be4-7a85c3594745","Halexandrey Walton"
"The Blooddrain gurgled! Dudley Mueller siphoned some of Reese Clark's hitting ability!","2020-10-16 03:05:50.625799","25215935-ce28-4a11-92e6-5db5136261f6",9,82,"2b5f5dd7-e31f-4829-bec5-546652103bc0","Dudley Mueller","503a235f-9fa6-41b5-8514-9475c944273f","Reese Clark"
"The Blooddrain gurgled! Dudley Mueller siphoned some of Theodore Holloway's baserunning ability to add a Ball!","2020-10-16 03:13:26.620244","25215935-ce28-4a11-92e6-5db5136261f6",9,82,"2b5f5dd7-e31f-4829-bec5-546652103bc0","Dudley Mueller","3a8c52d7-4124-4a65-a20d-d51abcbe6540","Theodore Holloway"
"The Blooddrain gurgled! Knight Urlacher siphoned some of Lawrence Horne's defensive ability to add an Out!","2020-10-16 04:06:38.11642","dd518162-046a-4f51-b5bd-ce7a3632f881",9,83,"cbd19e6f-3d08-4734-b23f-585330028665","Knight Urlacher","2b9f9c25-43ec-4f0b-9937-a5aa23be0d9e","Lawrence Horne"
"The Blooddrain gurgled! Richmond Harrison siphoned some of Quack Enjoyable's defensive ability!","2020-10-16 04:17:03.608356","9f0628a3-e243-43a5-b4c5-d0d4ee894500",9,83,"d4a10c2a-0c28-466a-9213-38ba3339b65e","Richmond Harrison","86adac6f-c694-44ac-9560-758de7eac937","Quack Enjoyable"
"The Blooddrain gurgled! Richmond Harrison siphoned some of Summers Pony's defensive ability to add a Strike!","2020-10-16 04:18:21.617119","9f0628a3-e243-43a5-b4c5-d0d4ee894500",9,83,"d4a10c2a-0c28-466a-9213-38ba3339b65e","Richmond Harrison","81a0889a-4606-4f49-b419-866b57331383","Summers Pony"
"The Blooddrain gurgled! Beans McBlase siphoned some of Bates Bentley's defensive ability to add an Out!","2020-10-16 06:06:44.606347","aaf36abb-3d5b-4c32-8fc4-5dc9d1278b56",9,85,"dddb6485-0527-4523-9bec-324a5b66bf37","Beans McBlase","9965eed5-086c-4977-9470-fe410f92d353","Bates Bentley"
"The Blooddrain gurgled! Richardson Games siphoned some of Bonk Jokes's hitting ability to add a Ball!","2020-10-16 08:08:16.605972","ba940a1a-4f7b-486c-926a-bc472847ece9",9,87,"b1b141fc-e867-40d1-842a-cea30a97ca4f","Richardson Games","2ffbaec8-a646-4435-a17a-3a0a2b5f3e16","Bonk Jokes"
"The Blooddrain gurgled! Nagomi Mcdaniel siphoned some of Tamara Crankit's defensive ability to add a Strike!","2020-10-16 08:09:00.607988","4c5f645e-8a07-42c9-b989-d801f77b59f5",9,87,"c0732e36-3731-4f1a-abdc-daa9563b6506","Nagomi Mcdaniel","0f61d948-4f0c-4550-8410-ae1c7f9f5613","Tamara Crankit"
"The Blooddrain gurgled! Richardson Games siphoned some of Sutton Picklestein's defensive ability to add a Strike!","2020-10-16 08:10:39.126188","ba940a1a-4f7b-486c-926a-bc472847ece9",9,87,"b1b141fc-e867-40d1-842a-cea30a97ca4f","Richardson Games","4e6ad1a1-7c71-49de-8bd5-c286712faf9e","Sutton Picklestein"
"The Blooddrain gurgled! Forrest Best siphoned some of Steph Weeks's hitting ability!","2020-10-16 08:14:19.11785","4c5f645e-8a07-42c9-b989-d801f77b59f5",9,87,"d35ccee1-9559-49a1-aaa4-7809f7b5c46e","Forrest Best","18f45a1b-76eb-4b59-a275-c64cf62afce0","Steph Weeks"
"The Blooddrain gurgled! Beans McBlase siphoned some of Allison Abbott's defensive ability!","2020-10-16 09:06:26.113447","5a5db49c-7bcb-4959-8407-acd78de89c84",9,88,"dddb6485-0527-4523-9bec-324a5b66bf37","Beans McBlase","1068f44b-34a0-42d8-a92e-2be748681a6f","Allison Abbott"
"The Blooddrain gurgled! Spears Taylor siphoned some of Eizabeth Guerra's defensive ability to add an Out!","2020-10-16 09:09:27.108868","ca671831-aafb-4a27-97ac-c3b0f0ca21ac",9,88,"13a05157-6172-4431-947b-a058217b4aa5","Spears Taylor","cd417f8a-ce01-4ab2-921d-42e2e445bbe2","Eizabeth Guerra"
"The Blooddrain gurgled! Spears Taylor siphoned some of Grey Alvarado's defensive ability to add an Out!","2020-10-16 09:12:50.49","ca671831-aafb-4a27-97ac-c3b0f0ca21ac",9,88,"13a05157-6172-4431-947b-a058217b4aa5","Spears Taylor","64f4cd75-0c1e-42cf-9ff0-e41c4756f22a","Grey Alvarado"
"The Blooddrain gurgled! Jordan Hildebert siphoned some of Silvia Rugrat's pitching ability to add a Strike!","2020-10-16 10:00:01.608238","9e03a873-2f3a-43f9-bb5b-53ebf9151a75",9,89,"30218684-7fa1-41a5-a3b3-5d9cd97dd36b","Jordan Hildebert","089af518-e27c-4256-adc8-62e3f4b30f43","Silvia Rugrat"
"The Blooddrain gurgled! Dudley Mueller siphoned some of Baby Urlacher's defensive ability to add an Out!","2020-10-16 10:14:12.616397","1000c934-3a1d-4de7-9490-34361153b679",9,89,"2b5f5dd7-e31f-4829-bec5-546652103bc0","Dudley Mueller","ad8d15f4-e041-4a12-a10e-901e6285fdc5","Baby Urlacher"
"The Blooddrain gurgled! Randy Dennis siphoned some of Jacob Haynes's defensive ability to add a Strike!","2020-10-16 11:02:52.11378","355561bc-20c4-464c-8d98-c0fadf5d9689",9,90,"5a26fc61-d75d-4c01-9ce2-1880ffb5550f","Randy Dennis","51c5473a-7545-4a9a-920d-d9b718d0e8d1","Jacob Haynes"
"The Blooddrain gurgled! Dudley Mueller siphoned some of Denzel Scott's hitting ability to add a Ball!","2020-10-16 11:07:31.607891","b9e1c8b3-a2fd-474a-a985-c01ea2e9bb27",9,90,"2b5f5dd7-e31f-4829-bec5-546652103bc0","Dudley Mueller","d2d76815-cbdc-4c4b-9c9e-32ebf2297cc7","Denzel Scott"
"The Blooddrain gurgled! Dudley Mueller siphoned some of Math Velazquez's defensive ability to remove a Ball!","2020-10-16 11:09:54.336175","b9e1c8b3-a2fd-474a-a985-c01ea2e9bb27",9,90,"2b5f5dd7-e31f-4829-bec5-546652103bc0","Dudley Mueller","32551e28-3a40-47ae-aed1-ff5bc66be879","Math Velazquez"
"The Blooddrain gurgled! Dudley Mueller siphoned some of Morrow Wilson's defensive ability to add a Strike!","2020-10-16 11:11:42.106602","b9e1c8b3-a2fd-474a-a985-c01ea2e9bb27",9,90,"2b5f5dd7-e31f-4829-bec5-546652103bc0","Dudley Mueller","06ced607-7f96-41e7-a8cd-b501d11d1a7e","Morrow Wilson"
"The Blooddrain gurgled! Beans McBlase siphoned some of Andrew Solis's defensive ability!","2020-10-16 11:21:05.610352","f9c74550-8499-4998-883c-1b86cb381396",9,90,"dddb6485-0527-4523-9bec-324a5b66bf37","Beans McBlase","f38c5d80-093f-46eb-99d6-942aa45cd921","Andrew Solis"
"The Blooddrain gurgled! Glabe Moon siphoned some of Raúl Leal's defensive ability to add a Strike! Cannonball Sports strikes out looking.","2020-10-16 11:29:05.613529","355561bc-20c4-464c-8d98-c0fadf5d9689",9,90,"04931546-1b4a-469f-b391-7ed67afe824c","Glabe Moon","2e6d4fa9-f930-47bd-971a-dd54a3cf7db1","Raúl Leal"
"The Blooddrain gurgled! Randy Dennis siphoned some of Moses Mason's defensive ability!","2020-10-16 11:30:23.115614","355561bc-20c4-464c-8d98-c0fadf5d9689",9,90,"5a26fc61-d75d-4c01-9ce2-1880ffb5550f","Randy Dennis","75f9d874-5e69-438d-900d-a3fcb1d429b3","Moses Mason"
"The Blooddrain gurgled! Glabe Moon siphoned some of Avila Guzman's defensive ability to add a Strike!","2020-10-16 11:31:50.599619","355561bc-20c4-464c-8d98-c0fadf5d9689",9,90,"04931546-1b4a-469f-b391-7ed67afe824c","Glabe Moon","8cf78b49-d0ca-4703-88e8-4bcad26c44b1","Avila Guzman"
"The Blooddrain gurgled! Isaac Johnson siphoned some of Kathy Mathews's defensive ability to add an Out!","2020-10-16 12:05:03.620992","905ad055-178d-4067-82b7-6cb9dddc1034",9,91,"68f98a04-204f-4675-92a7-8823f2277075","Isaac Johnson","9c3273a0-2711-4958-b716-bfcf60857013","Kathy Mathews"
"The Blooddrain gurgled! Randy Dennis siphoned some of Owen Picklestein's hitting ability to remove an Out!","2020-10-16 13:10:25.609056","e072a670-c32a-4f3b-bc4b-eb0829e4a1ee",9,92,"5a26fc61-d75d-4c01-9ce2-1880ffb5550f","Randy Dennis","dfd5ccbb-90ed-4bfe-83e0-dae9cc763f10","Owen Picklestein"
"The Blooddrain gurgled! Glabe Moon siphoned some of Stephanie Winters's baserunning ability!","2020-10-16 14:06:59.109872","b239d848-c09e-4da5-9341-b66c6067a0d1",9,93,"04931546-1b4a-469f-b391-7ed67afe824c","Glabe Moon","ad1e670a-f346-4bf7-a02f-a91649c41ccb","Stephanie Winters"
"The Blooddrain gurgled! Isaac Johnson siphoned some of Don Mitchell's defensive ability to add a Strike!","2020-10-16 14:11:23.610268","f1b142ec-b009-4001-94f3-6273d360533f",9,93,"68f98a04-204f-4675-92a7-8823f2277075","Isaac Johnson","11de4da3-8208-43ff-a1ff-0b3480a0fbf1","Don Mitchell"
"The Blooddrain gurgled! Glabe Moon siphoned some of Summers Preston's defensive ability!","2020-10-16 14:21:22.619291","b239d848-c09e-4da5-9341-b66c6067a0d1",9,93,"04931546-1b4a-469f-b391-7ed67afe824c","Glabe Moon","80e474a3-7d2b-431d-8192-2f1e27162607","Summers Preston"
"The Blooddrain gurgled! Halexandrey Walton siphoned some of Kennedy Loser's defensive ability!","2020-10-16 15:24:02.631519","77968cc7-9954-40d8-ab79-fb8bf2974bcb",9,94,"03b80a57-77ea-4913-9be4-7a85c3594745","Halexandrey Walton","84a2b5f6-4955-4007-9299-3d35ae7135d3","Kennedy Loser"
"The Blooddrain gurgled! Knight Urlacher siphoned some of Pedro Davids's defensive ability!","2020-10-16 17:04:23.608036","d62a3cf0-5035-448e-8fb8-cc26f50d1cbe",9,96,"cbd19e6f-3d08-4734-b23f-585330028665","Knight Urlacher","1a93a2d2-b5b6-479b-a595-703e4a2f3885","Pedro Davids"
"The Blooddrain gurgled! Knight Urlacher siphoned some of Kennedy Loser's baserunning ability!","2020-10-16 17:10:13.616441","d62a3cf0-5035-448e-8fb8-cc26f50d1cbe",9,96,"cbd19e6f-3d08-4734-b23f-585330028665","Knight Urlacher","84a2b5f6-4955-4007-9299-3d35ae7135d3","Kennedy Loser"
"The Blooddrain gurgled! Knight Urlacher siphoned some of Sutton Dreamy's defensive ability to add an Out!","2020-10-16 17:13:21.618012","d62a3cf0-5035-448e-8fb8-cc26f50d1cbe",9,96,"cbd19e6f-3d08-4734-b23f-585330028665","Knight Urlacher","4ecee7be-93e4-4f04-b114-6b333e0e6408","Sutton Dreamy"
"The Blooddrain gurgled! Richardson Games siphoned some of Alyssa Harrell's defensive ability!","2020-10-16 19:14:44.61662","78e14c7b-9d16-4f0f-97f6-a69c38fe3e87",9,98,"b1b141fc-e867-40d1-842a-cea30a97ca4f","Richardson Games","80de2b05-e0d4-4d33-9297-9951b2b5c950","Alyssa Harrell"
"The Blooddrain gurgled! Knight Urlacher siphoned some of Kennedy Loser's defensive ability to add a Strike!","2020-10-16 19:15:13.609138","1c26addd-900d-4783-8c1d-88a225974b1d",9,98,"cbd19e6f-3d08-4734-b23f-585330028665","Knight Urlacher","84a2b5f6-4955-4007-9299-3d35ae7135d3","Kennedy Loser"
"The Blooddrain gurgled! Beans McBlase siphoned some of Andrew Solis's defensive ability to add an Out!","2020-10-17 16:03:22.107458","d0812d28-2e90-4f1c-a1cd-41fb1f4582e2",9,104,"dddb6485-0527-4523-9bec-324a5b66bf37","Beans McBlase","f38c5d80-093f-46eb-99d6-942aa45cd921","Andrew Solis"
"The Blooddrain gurgled! Workman Gloom siphoned some of Jessica Telephone's defensive ability!","2020-10-18 00:44:39.628584","9bb560d9-4925-4845-ad03-26012742ee23",9,-1,"bd4c6837-eeaa-4675-ae48-061efa0fd11a","Workman Gloom","083d09d4-7ed3-4100-b021-8fbe30dd43e8","Jessica Telephone"
